,episode,make_span,reward,min make span
0,0.0,42.0,-42.0,42.0
1,0.0,40.0,-40.00000000000001,40.0
2,0.0,42.0,-42.00000000000001,40.0
3,1.0,39.0,-39.0,39.0
4,1.0,39.0,-39.0,39.0
5,1.0,49.0,-48.999999999999986,39.0
6,2.0,40.0,-39.99999999999999,39.0
7,2.0,43.0,-43.0,39.0
8,2.0,38.0,-38.0,38.0
9,3.0,42.0,-42.0,38.0
10,3.0,42.0,-41.99999999999999,38.0
11,3.0,49.0,-49.0,38.0
12,4.0,43.0,-42.99999999999999,38.0
13,4.0,40.0,-39.99999999999999,38.0
14,4.0,40.0,-40.00000000000001,38.0
15,5.0,39.0,-39.00000000000001,38.0
16,5.0,36.0,-35.999999999999986,36.0
17,5.0,37.0,-37.0,36.0
18,6.0,37.0,-37.0,36.0
19,6.0,40.0,-40.0,36.0
20,6.0,39.0,-39.000000000000014,36.0
21,7.0,38.0,-38.0,36.0
22,7.0,42.0,-42.0,36.0
23,7.0,41.0,-41.000000000000014,36.0
24,8.0,39.0,-38.99999999999999,36.0
25,8.0,40.0,-39.99999999999999,36.0
26,8.0,41.0,-41.0,36.0
27,9.0,37.0,-37.00000000000001,36.0
28,9.0,43.0,-42.99999999999999,36.0
29,9.0,37.0,-37.00000000000001,36.0
30,10.0,37.0,-37.00000000000001,36.0
31,10.0,40.0,-40.0,36.0
32,10.0,38.0,-38.0,36.0
33,11.0,34.0,-33.99999999999999,34.0
34,11.0,39.0,-39.0,34.0
35,11.0,45.0,-45.0,34.0
36,12.0,37.0,-37.0,34.0
37,12.0,40.0,-40.00000000000001,34.0
38,12.0,45.0,-44.99999999999999,34.0
39,13.0,37.0,-37.0,34.0
40,13.0,39.0,-39.0,34.0
41,13.0,40.0,-40.00000000000001,34.0
42,14.0,37.0,-37.00000000000001,34.0
43,14.0,40.0,-40.0,34.0
44,14.0,39.0,-39.0,34.0
45,15.0,41.0,-40.99999999999999,34.0
46,15.0,49.0,-49.0,34.0
47,15.0,41.0,-41.00000000000001,34.0
48,16.0,34.0,-33.99999999999999,34.0
49,16.0,40.0,-39.99999999999999,34.0
50,16.0,40.0,-40.0,34.0
51,17.0,41.0,-40.99999999999999,34.0
52,17.0,44.0,-44.00000000000001,34.0
53,17.0,39.0,-38.99999999999999,34.0
54,18.0,42.0,-42.0,34.0
55,18.0,35.0,-34.99999999999999,34.0
56,18.0,38.0,-38.00000000000001,34.0
57,19.0,38.0,-38.0,34.0
58,19.0,39.0,-39.0,34.0
59,19.0,42.0,-41.99999999999999,34.0
60,20.0,45.0,-45.0,34.0
61,20.0,45.0,-45.0,34.0
62,20.0,37.0,-37.00000000000001,34.0
63,21.0,35.0,-35.00000000000001,34.0
64,21.0,44.0,-44.0,34.0
65,21.0,40.0,-39.99999999999999,34.0
66,22.0,38.0,-38.0,34.0
67,22.0,39.0,-39.0,34.0
68,22.0,36.0,-36.0,34.0
69,23.0,35.0,-35.0,34.0
70,23.0,38.0,-38.0,34.0
71,23.0,43.0,-43.0,34.0
72,24.0,39.0,-38.99999999999999,34.0
73,24.0,44.0,-44.00000000000001,34.0
74,24.0,47.0,-47.0,34.0
75,25.0,41.0,-41.0,34.0
76,25.0,37.0,-36.99999999999999,34.0
77,25.0,38.0,-38.00000000000001,34.0
78,26.0,40.0,-40.00000000000001,34.0
79,26.0,39.0,-38.99999999999999,34.0
80,26.0,35.0,-35.0,34.0
81,27.0,43.0,-43.00000000000001,34.0
82,27.0,39.0,-38.99999999999999,34.0
83,27.0,35.0,-35.000000000000014,34.0
84,28.0,31.0,-31.000000000000004,31.0
85,28.0,40.0,-39.99999999999999,31.0
86,28.0,39.0,-39.0,31.0
87,29.0,41.0,-41.0,31.0
88,29.0,37.0,-36.999999999999986,31.0
89,29.0,34.0,-34.0,31.0
90,30.0,37.0,-37.00000000000001,31.0
91,30.0,49.0,-49.0,31.0
92,30.0,36.0,-36.00000000000001,31.0
93,31.0,40.0,-40.00000000000001,31.0
94,31.0,39.0,-39.0,31.0
95,31.0,41.0,-41.0,31.0
96,32.0,40.0,-40.00000000000001,31.0
97,32.0,40.0,-40.0,31.0
98,32.0,33.0,-32.99999999999999,31.0
99,33.0,36.0,-36.0,31.0
100,33.0,36.0,-36.0,31.0
101,33.0,42.0,-41.99999999999999,31.0
102,34.0,38.0,-38.00000000000001,31.0
103,34.0,35.0,-35.0,31.0
104,34.0,37.0,-37.00000000000001,31.0
105,35.0,41.0,-41.0,31.0
106,35.0,38.0,-38.0,31.0
107,35.0,39.0,-39.00000000000001,31.0
108,36.0,38.0,-38.00000000000001,31.0
109,36.0,45.0,-44.99999999999999,31.0
110,36.0,38.0,-38.0,31.0
111,37.0,38.0,-38.0,31.0
112,37.0,38.0,-37.99999999999999,31.0
113,37.0,40.0,-39.99999999999999,31.0
114,38.0,40.0,-40.0,31.0
115,38.0,36.0,-36.0,31.0
116,38.0,37.0,-37.00000000000001,31.0
117,39.0,40.0,-40.0,31.0
118,39.0,41.0,-41.00000000000001,31.0
119,39.0,37.0,-37.0,31.0
120,40.0,39.0,-39.0,31.0
121,40.0,41.0,-41.0,31.0
122,40.0,39.0,-39.000000000000014,31.0
123,41.0,35.0,-35.0,31.0
124,41.0,43.0,-43.000000000000014,31.0
125,41.0,36.0,-36.00000000000001,31.0
126,42.0,39.0,-39.0,31.0
127,42.0,38.0,-38.0,31.0
128,42.0,41.0,-41.00000000000001,31.0
129,43.0,36.0,-35.99999999999999,31.0
130,43.0,38.0,-38.0,31.0
131,43.0,41.0,-41.0,31.0
132,44.0,37.0,-37.00000000000001,31.0
133,44.0,41.0,-41.0,31.0
134,44.0,40.0,-40.0,31.0
135,45.0,40.0,-40.00000000000001,31.0
136,45.0,34.0,-34.000000000000014,31.0
137,45.0,38.0,-37.99999999999999,31.0
138,46.0,39.0,-39.0,31.0
139,46.0,36.0,-35.99999999999999,31.0
140,46.0,34.0,-33.99999999999999,31.0
141,47.0,37.0,-37.0,31.0
142,47.0,46.0,-46.00000000000001,31.0
143,47.0,39.0,-38.999999999999986,31.0
144,48.0,39.0,-39.0,31.0
145,48.0,39.0,-39.00000000000001,31.0
146,48.0,41.0,-40.99999999999999,31.0
147,49.0,40.0,-40.0,31.0
148,49.0,37.0,-37.0,31.0
149,49.0,38.0,-38.0,31.0
150,50.0,38.0,-38.0,31.0
151,50.0,41.0,-40.99999999999999,31.0
152,50.0,41.0,-41.0,31.0
153,51.0,36.0,-36.0,31.0
154,51.0,39.0,-38.99999999999999,31.0
155,51.0,37.0,-36.99999999999999,31.0
156,52.0,37.0,-36.99999999999999,31.0
157,52.0,39.0,-39.0,31.0
158,52.0,36.0,-36.0,31.0
159,53.0,38.0,-38.000000000000014,31.0
160,53.0,38.0,-38.0,31.0
161,53.0,34.0,-33.99999999999999,31.0
162,54.0,41.0,-41.0,31.0
163,54.0,39.0,-38.99999999999999,31.0
164,54.0,37.0,-37.000000000000014,31.0
165,55.0,41.0,-40.99999999999999,31.0
166,55.0,39.0,-39.00000000000001,31.0
167,55.0,41.0,-40.999999999999986,31.0
168,56.0,35.0,-35.0,31.0
169,56.0,39.0,-39.00000000000001,31.0
170,56.0,35.0,-35.0,31.0
171,57.0,40.0,-40.00000000000001,31.0
172,57.0,41.0,-41.00000000000001,31.0
173,57.0,37.0,-37.0,31.0
174,58.0,36.0,-36.0,31.0
175,58.0,37.0,-37.0,31.0
176,58.0,39.0,-39.0,31.0
177,59.0,39.0,-39.00000000000001,31.0
178,59.0,40.0,-40.00000000000001,31.0
179,59.0,44.0,-44.0,31.0
180,60.0,36.0,-36.0,31.0
181,60.0,38.0,-38.0,31.0
182,60.0,41.0,-41.0,31.0
183,61.0,38.0,-38.0,31.0
184,61.0,37.0,-37.00000000000001,31.0
185,61.0,38.0,-38.0,31.0
186,62.0,44.0,-44.0,31.0
187,62.0,40.0,-40.00000000000001,31.0
188,62.0,41.0,-41.0,31.0
189,63.0,44.0,-44.0,31.0
190,63.0,40.0,-40.0,31.0
191,63.0,43.0,-43.00000000000001,31.0
192,64.0,46.0,-46.0,31.0
193,64.0,38.0,-38.0,31.0
194,64.0,39.0,-39.00000000000001,31.0
195,65.0,46.0,-46.0,31.0
196,65.0,36.0,-36.00000000000001,31.0
197,65.0,38.0,-38.0,31.0
198,66.0,40.0,-40.0,31.0
199,66.0,40.0,-40.0,31.0
200,66.0,36.0,-35.99999999999999,31.0
201,67.0,37.0,-37.0,31.0
202,67.0,41.0,-41.0,31.0
203,67.0,44.0,-43.99999999999999,31.0
204,68.0,34.0,-34.0,31.0
205,68.0,38.0,-38.0,31.0
206,68.0,38.0,-38.00000000000001,31.0
207,69.0,39.0,-38.999999999999986,31.0
208,69.0,41.0,-41.0,31.0
209,69.0,39.0,-38.999999999999986,31.0
210,70.0,45.0,-45.00000000000001,31.0
211,70.0,38.0,-38.0,31.0
212,70.0,42.0,-42.00000000000001,31.0
213,71.0,39.0,-39.0,31.0
214,71.0,42.0,-41.99999999999999,31.0
215,71.0,41.0,-40.99999999999999,31.0
216,72.0,41.0,-41.000000000000014,31.0
217,72.0,40.0,-40.00000000000001,31.0
218,72.0,44.0,-44.0,31.0
219,73.0,42.0,-42.0,31.0
220,73.0,38.0,-38.00000000000001,31.0
221,73.0,37.0,-37.0,31.0
222,74.0,44.0,-44.0,31.0
223,74.0,38.0,-38.0,31.0
224,74.0,38.0,-38.0,31.0
225,75.0,42.0,-41.99999999999999,31.0
226,75.0,42.0,-41.99999999999999,31.0
227,75.0,36.0,-36.0,31.0
228,76.0,41.0,-41.00000000000001,31.0
229,76.0,35.0,-35.00000000000001,31.0
230,76.0,35.0,-35.0,31.0
231,77.0,43.0,-43.0,31.0
232,77.0,40.0,-40.00000000000001,31.0
233,77.0,34.0,-33.99999999999999,31.0
234,78.0,39.0,-38.99999999999999,31.0
235,78.0,39.0,-38.99999999999999,31.0
236,78.0,42.0,-42.00000000000001,31.0
237,79.0,44.0,-44.0,31.0
238,79.0,37.0,-37.0,31.0
239,79.0,36.0,-36.0,31.0
240,80.0,40.0,-40.000000000000014,31.0
241,80.0,40.0,-40.0,31.0
242,80.0,39.0,-38.99999999999999,31.0
243,81.0,35.0,-34.99999999999999,31.0
244,81.0,46.0,-46.00000000000001,31.0
245,81.0,42.0,-42.00000000000001,31.0
246,82.0,43.0,-42.99999999999999,31.0
247,82.0,39.0,-39.0,31.0
248,82.0,36.0,-36.0,31.0
249,83.0,37.0,-37.00000000000001,31.0
250,83.0,45.0,-45.0,31.0
251,83.0,40.0,-39.99999999999999,31.0
252,84.0,43.0,-42.99999999999999,31.0
253,84.0,44.0,-44.000000000000014,31.0
254,84.0,39.0,-39.0,31.0
255,85.0,43.0,-42.99999999999999,31.0
256,85.0,37.0,-37.00000000000001,31.0
257,85.0,38.0,-37.99999999999999,31.0
258,86.0,38.0,-38.0,31.0
259,86.0,37.0,-37.00000000000001,31.0
260,86.0,40.0,-40.0,31.0
261,87.0,35.0,-35.0,31.0
262,87.0,39.0,-39.0,31.0
263,87.0,40.0,-40.0,31.0
264,88.0,37.0,-36.99999999999999,31.0
265,88.0,36.0,-36.00000000000001,31.0
266,88.0,38.0,-38.00000000000001,31.0
267,89.0,39.0,-39.0,31.0
268,89.0,39.0,-39.00000000000001,31.0
269,89.0,43.0,-43.00000000000001,31.0
270,90.0,39.0,-39.0,31.0
271,90.0,42.0,-42.0,31.0
272,90.0,42.0,-42.00000000000001,31.0
273,91.0,38.0,-37.99999999999999,31.0
274,91.0,39.0,-39.0,31.0
275,91.0,37.0,-36.99999999999999,31.0
276,92.0,37.0,-36.99999999999999,31.0
277,92.0,44.0,-44.00000000000001,31.0
278,92.0,37.0,-36.99999999999999,31.0
279,93.0,39.0,-38.999999999999986,31.0
280,93.0,46.0,-45.99999999999999,31.0
281,93.0,42.0,-42.0,31.0
282,94.0,35.0,-35.0,31.0
283,94.0,37.0,-37.00000000000001,31.0
284,94.0,39.0,-39.0,31.0
285,95.0,42.0,-42.00000000000001,31.0
286,95.0,42.0,-41.999999999999986,31.0
287,95.0,39.0,-39.0,31.0
288,96.0,39.0,-39.0,31.0
289,96.0,40.0,-40.0,31.0
290,96.0,33.0,-32.99999999999999,31.0
291,97.0,39.0,-38.99999999999999,31.0
292,97.0,43.0,-43.0,31.0
293,97.0,38.0,-37.99999999999999,31.0
294,98.0,37.0,-36.99999999999999,31.0
295,98.0,36.0,-35.999999999999986,31.0
296,98.0,35.0,-35.0,31.0
297,99.0,39.0,-39.0,31.0
298,99.0,39.0,-39.00000000000001,31.0
299,99.0,37.0,-36.99999999999999,31.0
300,100.0,40.0,-39.99999999999999,31.0
301,100.0,43.0,-43.00000000000001,31.0
302,100.0,37.0,-37.0,31.0
303,101.0,43.0,-43.0,31.0
304,101.0,39.0,-39.0,31.0
305,101.0,37.0,-36.99999999999999,31.0
306,102.0,41.0,-41.000000000000014,31.0
307,102.0,41.0,-41.0,31.0
308,102.0,41.0,-41.00000000000001,31.0
309,103.0,38.0,-38.0,31.0
310,103.0,41.0,-41.0,31.0
311,103.0,41.0,-40.99999999999999,31.0
312,104.0,35.0,-35.0,31.0
313,104.0,46.0,-46.0,31.0
314,104.0,36.0,-36.0,31.0
315,105.0,41.0,-41.00000000000001,31.0
316,105.0,36.0,-35.99999999999999,31.0
317,105.0,41.0,-41.0,31.0
318,106.0,38.0,-38.0,31.0
319,106.0,42.0,-41.99999999999999,31.0
320,106.0,51.0,-51.00000000000001,31.0
321,107.0,41.0,-40.99999999999999,31.0
322,107.0,39.0,-38.99999999999999,31.0
323,107.0,37.0,-37.00000000000001,31.0
324,108.0,37.0,-37.00000000000001,31.0
325,108.0,37.0,-37.0,31.0
326,108.0,41.0,-40.99999999999999,31.0
327,109.0,44.0,-44.0,31.0
328,109.0,40.0,-40.00000000000001,31.0
329,109.0,36.0,-35.99999999999999,31.0
330,110.0,40.0,-39.99999999999999,31.0
331,110.0,37.0,-37.00000000000001,31.0
332,110.0,40.0,-40.00000000000001,31.0
333,111.0,38.0,-38.0,31.0
334,111.0,37.0,-36.99999999999999,31.0
335,111.0,37.0,-36.99999999999999,31.0
336,112.0,42.0,-42.0,31.0
337,112.0,37.0,-36.99999999999999,31.0
338,112.0,34.0,-34.0,31.0
339,113.0,38.0,-38.00000000000001,31.0
340,113.0,36.0,-36.0,31.0
341,113.0,42.0,-41.99999999999999,31.0
342,114.0,36.0,-35.999999999999986,31.0
343,114.0,40.0,-40.00000000000001,31.0
344,114.0,38.0,-38.0,31.0
345,115.0,37.0,-37.0,31.0
346,115.0,33.0,-33.0,31.0
347,115.0,44.0,-44.0,31.0
348,116.0,43.0,-43.00000000000001,31.0
349,116.0,40.0,-40.0,31.0
350,116.0,34.0,-34.00000000000001,31.0
351,117.0,36.0,-36.00000000000001,31.0
352,117.0,40.0,-40.0,31.0
353,117.0,39.0,-39.00000000000001,31.0
354,118.0,38.0,-37.99999999999999,31.0
355,118.0,36.0,-36.0,31.0
356,118.0,37.0,-36.99999999999999,31.0
357,119.0,38.0,-38.00000000000001,31.0
358,119.0,38.0,-38.0,31.0
359,119.0,42.0,-42.000000000000014,31.0
360,120.0,40.0,-40.000000000000014,31.0
361,120.0,42.0,-42.0,31.0
362,120.0,36.0,-36.0,31.0
363,121.0,41.0,-41.0,31.0
364,121.0,36.0,-36.00000000000001,31.0
365,121.0,40.0,-40.0,31.0
366,122.0,38.0,-38.0,31.0
367,122.0,36.0,-36.0,31.0
368,122.0,47.0,-47.0,31.0
369,123.0,39.0,-39.0,31.0
370,123.0,41.0,-41.0,31.0
371,123.0,36.0,-36.00000000000001,31.0
372,124.0,42.0,-42.00000000000001,31.0
373,124.0,38.0,-38.00000000000001,31.0
374,124.0,40.0,-39.99999999999999,31.0
375,125.0,43.0,-43.0,31.0
376,125.0,36.0,-36.0,31.0
377,125.0,36.0,-36.0,31.0
378,126.0,40.0,-40.00000000000001,31.0
379,126.0,38.0,-38.00000000000001,31.0
380,126.0,36.0,-36.00000000000001,31.0
381,127.0,32.0,-32.0,31.0
382,127.0,38.0,-38.0,31.0
383,127.0,39.0,-39.0,31.0
384,128.0,34.0,-34.0,31.0
385,128.0,43.0,-42.99999999999999,31.0
386,128.0,38.0,-38.00000000000001,31.0
387,129.0,37.0,-37.00000000000001,31.0
388,129.0,35.0,-35.00000000000001,31.0
389,129.0,40.0,-40.0,31.0
390,130.0,41.0,-41.0,31.0
391,130.0,39.0,-39.0,31.0
392,130.0,39.0,-39.00000000000001,31.0
393,131.0,35.0,-35.0,31.0
394,131.0,35.0,-35.00000000000001,31.0
395,131.0,35.0,-35.00000000000001,31.0
396,132.0,37.0,-37.0,31.0
397,132.0,38.0,-37.99999999999999,31.0
398,132.0,40.0,-39.99999999999999,31.0
399,133.0,39.0,-39.0,31.0
400,133.0,37.0,-37.00000000000001,31.0
401,133.0,35.0,-35.0,31.0
402,134.0,38.0,-37.99999999999999,31.0
403,134.0,40.0,-39.99999999999999,31.0
404,134.0,37.0,-37.0,31.0
405,135.0,38.0,-38.0,31.0
406,135.0,37.0,-37.00000000000001,31.0
407,135.0,37.0,-37.0,31.0
408,136.0,38.0,-37.99999999999999,31.0
409,136.0,38.0,-38.0,31.0
410,136.0,37.0,-37.00000000000001,31.0
411,137.0,43.0,-43.0,31.0
412,137.0,39.0,-38.999999999999986,31.0
413,137.0,40.0,-39.99999999999999,31.0
414,138.0,38.0,-37.99999999999999,31.0
415,138.0,42.0,-42.00000000000001,31.0
416,138.0,38.0,-38.0,31.0
417,139.0,39.0,-39.0,31.0
418,139.0,36.0,-36.0,31.0
419,139.0,39.0,-39.00000000000001,31.0
420,140.0,38.0,-38.0,31.0
421,140.0,39.0,-39.00000000000001,31.0
422,140.0,38.0,-38.00000000000001,31.0
423,141.0,40.0,-40.000000000000014,31.0
424,141.0,37.0,-37.00000000000001,31.0
425,141.0,38.0,-37.99999999999999,31.0
426,142.0,41.0,-41.0,31.0
427,142.0,41.0,-41.0,31.0
428,142.0,40.0,-40.0,31.0
429,143.0,35.0,-35.0,31.0
430,143.0,39.0,-39.0,31.0
431,143.0,35.0,-35.0,31.0
432,144.0,40.0,-40.0,31.0
433,144.0,38.0,-38.0,31.0
434,144.0,38.0,-38.0,31.0
435,145.0,41.0,-41.0,31.0
436,145.0,38.0,-38.0,31.0
437,145.0,42.0,-42.0,31.0
438,146.0,37.0,-37.00000000000001,31.0
439,146.0,40.0,-40.00000000000001,31.0
440,146.0,43.0,-43.00000000000001,31.0
441,147.0,40.0,-40.0,31.0
442,147.0,41.0,-41.00000000000001,31.0
443,147.0,39.0,-39.0,31.0
444,148.0,41.0,-40.99999999999999,31.0
445,148.0,38.0,-38.00000000000001,31.0
446,148.0,39.0,-39.0,31.0
447,149.0,41.0,-41.00000000000001,31.0
448,149.0,38.0,-38.0,31.0
449,149.0,41.0,-40.99999999999999,31.0
450,150.0,37.0,-37.00000000000001,31.0
451,150.0,39.0,-39.00000000000001,31.0
452,150.0,45.0,-45.00000000000001,31.0
453,151.0,36.0,-36.0,31.0
454,151.0,35.0,-35.00000000000001,31.0
455,151.0,37.0,-37.0,31.0
456,152.0,41.0,-40.99999999999999,31.0
457,152.0,40.0,-40.0,31.0
458,152.0,36.0,-36.0,31.0
459,153.0,40.0,-40.00000000000001,31.0
460,153.0,40.0,-40.000000000000014,31.0
461,153.0,40.0,-40.000000000000014,31.0
462,154.0,40.0,-40.0,31.0
463,154.0,41.0,-40.99999999999999,31.0
464,154.0,36.0,-36.0,31.0
465,155.0,40.0,-40.0,31.0
466,155.0,39.0,-39.000000000000014,31.0
467,155.0,41.0,-41.0,31.0
468,156.0,38.0,-37.99999999999999,31.0
469,156.0,38.0,-38.00000000000001,31.0
470,156.0,40.0,-40.0,31.0
471,157.0,39.0,-39.00000000000001,31.0
472,157.0,38.0,-38.00000000000001,31.0
473,157.0,40.0,-39.99999999999999,31.0
474,158.0,40.0,-39.999999999999986,31.0
475,158.0,39.0,-39.00000000000001,31.0
476,158.0,42.0,-42.0,31.0
477,159.0,36.0,-35.99999999999999,31.0
478,159.0,37.0,-37.0,31.0
479,159.0,41.0,-41.00000000000001,31.0
480,160.0,38.0,-38.00000000000001,31.0
481,160.0,42.0,-42.0,31.0
482,160.0,41.0,-41.0,31.0
483,161.0,36.0,-36.00000000000001,31.0
484,161.0,37.0,-37.0,31.0
485,161.0,36.0,-36.0,31.0
486,162.0,43.0,-42.99999999999999,31.0
487,162.0,36.0,-35.99999999999999,31.0
488,162.0,40.0,-40.0,31.0
489,163.0,38.0,-38.0,31.0
490,163.0,40.0,-39.99999999999999,31.0
491,163.0,38.0,-38.0,31.0
492,164.0,40.0,-40.0,31.0
493,164.0,40.0,-40.0,31.0
494,164.0,47.0,-47.00000000000001,31.0
495,165.0,41.0,-41.0,31.0
496,165.0,36.0,-36.0,31.0
497,165.0,34.0,-34.0,31.0
498,166.0,36.0,-36.0,31.0
499,166.0,39.0,-38.99999999999999,31.0
500,166.0,37.0,-36.99999999999999,31.0
501,167.0,48.0,-48.0,31.0
502,167.0,37.0,-37.0,31.0
503,167.0,37.0,-37.00000000000001,31.0
504,168.0,38.0,-37.99999999999999,31.0
505,168.0,38.0,-37.99999999999999,31.0
506,168.0,38.0,-38.0,31.0
507,169.0,37.0,-36.99999999999999,31.0
508,169.0,40.0,-40.0,31.0
509,169.0,38.0,-38.0,31.0
510,170.0,38.0,-38.000000000000014,31.0
511,170.0,37.0,-37.0,31.0
512,170.0,39.0,-39.00000000000001,31.0
513,171.0,38.0,-38.0,31.0
514,171.0,36.0,-36.00000000000002,31.0
515,171.0,40.0,-40.00000000000001,31.0
516,172.0,35.0,-35.0,31.0
517,172.0,38.0,-38.0,31.0
518,172.0,38.0,-38.0,31.0
519,173.0,40.0,-39.999999999999986,31.0
520,173.0,35.0,-34.99999999999999,31.0
521,173.0,40.0,-39.99999999999999,31.0
522,174.0,38.0,-38.00000000000001,31.0
523,174.0,38.0,-38.00000000000001,31.0
524,174.0,36.0,-36.00000000000001,31.0
525,175.0,35.0,-35.00000000000001,31.0
526,175.0,35.0,-35.00000000000001,31.0
527,175.0,35.0,-35.00000000000001,31.0
528,176.0,39.0,-39.00000000000001,31.0
529,176.0,36.0,-35.99999999999999,31.0
530,176.0,43.0,-42.99999999999999,31.0
531,177.0,42.0,-42.00000000000001,31.0
532,177.0,38.0,-38.0,31.0
533,177.0,37.0,-37.0,31.0
534,178.0,40.0,-40.0,31.0
535,178.0,38.0,-38.0,31.0
536,178.0,37.0,-37.0,31.0
537,179.0,39.0,-39.00000000000001,31.0
538,179.0,39.0,-39.0,31.0
539,179.0,37.0,-36.99999999999999,31.0
540,180.0,43.0,-43.0,31.0
541,180.0,36.0,-36.0,31.0
542,180.0,35.0,-35.0,31.0
543,181.0,36.0,-35.99999999999999,31.0
544,181.0,41.0,-41.000000000000014,31.0
545,181.0,38.0,-37.99999999999999,31.0
546,182.0,35.0,-35.0,31.0
547,182.0,40.0,-40.00000000000001,31.0
548,182.0,40.0,-40.000000000000014,31.0
549,183.0,42.0,-42.0,31.0
550,183.0,40.0,-39.99999999999999,31.0
551,183.0,37.0,-37.0,31.0
552,184.0,34.0,-34.0,31.0
553,184.0,40.0,-40.0,31.0
554,184.0,37.0,-37.0,31.0
555,185.0,35.0,-35.00000000000001,31.0
556,185.0,38.0,-38.0,31.0
557,185.0,36.0,-36.0,31.0
558,186.0,41.0,-41.0,31.0
559,186.0,37.0,-37.00000000000001,31.0
560,186.0,42.0,-42.0,31.0
561,187.0,34.0,-33.99999999999999,31.0
562,187.0,34.0,-33.99999999999999,31.0
563,187.0,36.0,-35.99999999999999,31.0
564,188.0,39.0,-39.00000000000001,31.0
565,188.0,35.0,-35.00000000000001,31.0
566,188.0,39.0,-39.00000000000001,31.0
567,189.0,39.0,-39.0,31.0
568,189.0,38.0,-38.00000000000001,31.0
569,189.0,36.0,-35.99999999999999,31.0
570,190.0,37.0,-37.0,31.0
571,190.0,36.0,-35.99999999999999,31.0
572,190.0,39.0,-39.0,31.0
573,191.0,38.0,-38.00000000000001,31.0
574,191.0,38.0,-38.00000000000001,31.0
575,191.0,36.0,-35.99999999999999,31.0
576,192.0,35.0,-35.0,31.0
577,192.0,37.0,-37.00000000000001,31.0
578,192.0,40.0,-39.99999999999999,31.0
579,193.0,44.0,-43.99999999999999,31.0
580,193.0,36.0,-35.99999999999999,31.0
581,193.0,34.0,-34.00000000000001,31.0
582,194.0,35.0,-35.00000000000001,31.0
583,194.0,43.0,-42.99999999999999,31.0
584,194.0,37.0,-37.0,31.0
585,195.0,35.0,-35.00000000000001,31.0
586,195.0,37.0,-37.0,31.0
587,195.0,35.0,-35.00000000000001,31.0
588,196.0,40.0,-40.0,31.0
589,196.0,38.0,-38.0,31.0
590,196.0,34.0,-34.00000000000001,31.0
591,197.0,34.0,-34.0,31.0
592,197.0,38.0,-37.999999999999986,31.0
593,197.0,43.0,-43.00000000000001,31.0
594,198.0,42.0,-42.0,31.0
595,198.0,39.0,-39.00000000000001,31.0
596,198.0,41.0,-41.00000000000001,31.0
597,199.0,35.0,-35.0,31.0
598,199.0,35.0,-35.00000000000001,31.0
599,199.0,37.0,-37.00000000000001,31.0
600,200.0,40.0,-40.0,31.0
601,200.0,37.0,-37.0,31.0
602,200.0,40.0,-40.0,31.0
603,201.0,37.0,-36.999999999999986,31.0
604,201.0,39.0,-39.000000000000014,31.0
605,201.0,36.0,-36.00000000000001,31.0
606,202.0,36.0,-36.0,31.0
607,202.0,37.0,-37.0,31.0
608,202.0,35.0,-35.0,31.0
609,203.0,38.0,-38.0,31.0
610,203.0,37.0,-37.0,31.0
611,203.0,35.0,-35.0,31.0
612,204.0,34.0,-34.0,31.0
613,204.0,42.0,-42.0,31.0
614,204.0,36.0,-36.0,31.0
615,205.0,37.0,-37.0,31.0
616,205.0,40.0,-40.0,31.0
617,205.0,38.0,-38.000000000000014,31.0
618,206.0,33.0,-33.00000000000001,31.0
619,206.0,37.0,-37.0,31.0
620,206.0,37.0,-37.0,31.0
621,207.0,38.0,-38.0,31.0
622,207.0,35.0,-35.000000000000014,31.0
623,207.0,41.0,-41.0,31.0
624,208.0,38.0,-38.0,31.0
625,208.0,36.0,-36.0,31.0
626,208.0,33.0,-33.0,31.0
627,209.0,39.0,-38.99999999999999,31.0
628,209.0,36.0,-36.00000000000001,31.0
629,209.0,35.0,-35.00000000000001,31.0
630,210.0,36.0,-36.0,31.0
631,210.0,35.0,-35.00000000000001,31.0
632,210.0,36.0,-36.0,31.0
633,211.0,33.0,-33.00000000000001,31.0
634,211.0,38.0,-38.0,31.0
635,211.0,41.0,-41.00000000000001,31.0
636,212.0,37.0,-37.0,31.0
637,212.0,36.0,-35.99999999999999,31.0
638,212.0,36.0,-36.00000000000001,31.0
639,213.0,40.0,-40.0,31.0
640,213.0,39.0,-38.999999999999986,31.0
641,213.0,38.0,-37.99999999999999,31.0
642,214.0,35.0,-35.00000000000001,31.0
643,214.0,33.0,-33.00000000000001,31.0
644,214.0,36.0,-35.99999999999999,31.0
645,215.0,39.0,-38.99999999999999,31.0
646,215.0,41.0,-41.0,31.0
647,215.0,37.0,-37.0,31.0
648,216.0,36.0,-36.0,31.0
649,216.0,42.0,-41.99999999999999,31.0
650,216.0,36.0,-36.00000000000001,31.0
651,217.0,34.0,-34.0,31.0
652,217.0,34.0,-34.0,31.0
653,217.0,37.0,-37.0,31.0
654,218.0,39.0,-39.00000000000001,31.0
655,218.0,35.0,-35.0,31.0
656,218.0,36.0,-36.0,31.0
657,219.0,35.0,-34.99999999999999,31.0
658,219.0,35.0,-35.00000000000001,31.0
659,219.0,43.0,-43.0,31.0
660,220.0,37.0,-36.99999999999999,31.0
661,220.0,40.0,-40.0,31.0
662,220.0,44.0,-43.999999999999986,31.0
663,221.0,39.0,-39.00000000000001,31.0
664,221.0,34.0,-34.00000000000001,31.0
665,221.0,38.0,-38.00000000000001,31.0
666,222.0,39.0,-39.00000000000001,31.0
667,222.0,39.0,-39.00000000000001,31.0
668,222.0,35.0,-35.0,31.0
669,223.0,36.0,-36.0,31.0
670,223.0,35.0,-35.0,31.0
671,223.0,38.0,-38.000000000000014,31.0
672,224.0,32.0,-32.0,31.0
673,224.0,37.0,-37.00000000000001,31.0
674,224.0,38.0,-38.0,31.0
675,225.0,37.0,-37.0,31.0
676,225.0,37.0,-37.00000000000001,31.0
677,225.0,38.0,-38.0,31.0
678,226.0,36.0,-36.0,31.0
679,226.0,40.0,-39.99999999999999,31.0
680,226.0,35.0,-35.0,31.0
681,227.0,37.0,-37.0,31.0
682,227.0,38.0,-38.0,31.0
683,227.0,34.0,-34.0,31.0
684,228.0,34.0,-34.00000000000001,31.0
685,228.0,37.0,-37.00000000000001,31.0
686,228.0,35.0,-35.0,31.0
687,229.0,36.0,-36.00000000000001,31.0
688,229.0,36.0,-36.0,31.0
689,229.0,35.0,-34.99999999999999,31.0
690,230.0,37.0,-37.00000000000001,31.0
691,230.0,37.0,-37.00000000000001,31.0
692,230.0,42.0,-42.00000000000001,31.0
693,231.0,38.0,-38.0,31.0
694,231.0,38.0,-38.00000000000001,31.0
695,231.0,35.0,-35.00000000000001,31.0
696,232.0,35.0,-34.99999999999999,31.0
697,232.0,39.0,-38.99999999999999,31.0
698,232.0,41.0,-41.00000000000001,31.0
699,233.0,35.0,-35.0,31.0
700,233.0,39.0,-39.00000000000001,31.0
701,233.0,35.0,-34.99999999999999,31.0
702,234.0,30.0,-29.999999999999996,30.0
703,234.0,38.0,-38.0,30.0
704,234.0,41.0,-41.0,30.0
705,235.0,35.0,-35.00000000000001,30.0
706,235.0,37.0,-37.0,30.0
707,235.0,37.0,-37.0,30.0
708,236.0,35.0,-34.99999999999999,30.0
709,236.0,35.0,-35.00000000000001,30.0
710,236.0,41.0,-41.0,30.0
711,237.0,43.0,-43.00000000000001,30.0
712,237.0,39.0,-39.00000000000001,30.0
713,237.0,39.0,-39.0,30.0
714,238.0,43.0,-43.00000000000001,30.0
715,238.0,35.0,-35.0,30.0
716,238.0,36.0,-36.00000000000001,30.0
717,239.0,38.0,-38.0,30.0
718,239.0,36.0,-36.0,30.0
719,239.0,36.0,-36.00000000000001,30.0
720,240.0,38.0,-38.0,30.0
721,240.0,38.0,-38.0,30.0
722,240.0,38.0,-38.0,30.0
723,241.0,40.0,-40.0,30.0
724,241.0,34.0,-34.0,30.0
725,241.0,35.0,-35.00000000000001,30.0
726,242.0,39.0,-39.0,30.0
727,242.0,35.0,-35.0,30.0
728,242.0,39.0,-39.0,30.0
729,243.0,36.0,-36.0,30.0
730,243.0,37.0,-36.99999999999999,30.0
731,243.0,39.0,-39.0,30.0
732,244.0,43.0,-43.0,30.0
733,244.0,41.0,-41.0,30.0
734,244.0,40.0,-40.00000000000001,30.0
735,245.0,38.0,-38.00000000000001,30.0
736,245.0,39.0,-39.0,30.0
737,245.0,38.0,-38.0,30.0
738,246.0,34.0,-34.0,30.0
739,246.0,35.0,-35.0,30.0
740,246.0,34.0,-34.0,30.0
741,247.0,34.0,-34.00000000000001,30.0
742,247.0,36.0,-36.0,30.0
743,247.0,40.0,-40.0,30.0
744,248.0,36.0,-36.000000000000014,30.0
745,248.0,39.0,-39.00000000000001,30.0
746,248.0,36.0,-35.99999999999999,30.0
747,249.0,39.0,-39.0,30.0
748,249.0,35.0,-35.00000000000001,30.0
749,249.0,43.0,-42.99999999999999,30.0
750,250.0,38.0,-38.00000000000001,30.0
751,250.0,38.0,-37.99999999999999,30.0
752,250.0,38.0,-38.00000000000001,30.0
753,251.0,38.0,-38.00000000000001,30.0
754,251.0,41.0,-41.0,30.0
755,251.0,37.0,-37.0,30.0
756,252.0,34.0,-34.0,30.0
757,252.0,41.0,-40.99999999999999,30.0
758,252.0,40.0,-39.99999999999999,30.0
759,253.0,38.0,-38.000000000000014,30.0
760,253.0,47.0,-47.0,30.0
761,253.0,36.0,-36.0,30.0
762,254.0,35.0,-35.0,30.0
763,254.0,37.0,-36.99999999999999,30.0
764,254.0,34.0,-33.99999999999999,30.0
765,255.0,37.0,-37.0,30.0
766,255.0,36.0,-36.0,30.0
767,255.0,41.0,-41.0,30.0
768,256.0,34.0,-34.0,30.0
769,256.0,35.0,-35.00000000000001,30.0
770,256.0,38.0,-38.0,30.0
771,257.0,37.0,-37.0,30.0
772,257.0,38.0,-37.99999999999999,30.0
773,257.0,41.0,-41.0,30.0
774,258.0,36.0,-36.0,30.0
775,258.0,40.0,-40.0,30.0
776,258.0,35.0,-34.99999999999999,30.0
777,259.0,42.0,-42.00000000000001,30.0
778,259.0,46.0,-46.0,30.0
779,259.0,35.0,-35.0,30.0
780,260.0,35.0,-35.0,30.0
781,260.0,40.0,-39.99999999999999,30.0
782,260.0,43.0,-42.999999999999986,30.0
783,261.0,41.0,-41.00000000000001,30.0
784,261.0,39.0,-39.0,30.0
785,261.0,38.0,-38.0,30.0
786,262.0,38.0,-38.0,30.0
787,262.0,41.0,-40.99999999999999,30.0
788,262.0,35.0,-35.0,30.0
789,263.0,38.0,-38.00000000000001,30.0
790,263.0,36.0,-36.00000000000001,30.0
791,263.0,36.0,-36.00000000000001,30.0
792,264.0,33.0,-33.00000000000001,30.0
793,264.0,45.0,-45.00000000000001,30.0
794,264.0,34.0,-34.00000000000001,30.0
795,265.0,35.0,-34.99999999999999,30.0
796,265.0,36.0,-36.000000000000014,30.0
797,265.0,37.0,-37.00000000000001,30.0
798,266.0,37.0,-37.00000000000002,30.0
799,266.0,37.0,-37.0,30.0
800,266.0,33.0,-33.0,30.0
801,267.0,35.0,-34.99999999999999,30.0
802,267.0,41.0,-41.0,30.0
803,267.0,40.0,-40.0,30.0
804,268.0,37.0,-37.00000000000001,30.0
805,268.0,38.0,-38.0,30.0
806,268.0,39.0,-39.0,30.0
807,269.0,35.0,-35.0,30.0
808,269.0,34.0,-34.0,30.0
809,269.0,38.0,-38.0,30.0
810,270.0,38.0,-38.0,30.0
811,270.0,34.0,-34.000000000000014,30.0
812,270.0,36.0,-35.99999999999999,30.0
813,271.0,37.0,-37.0,30.0
814,271.0,38.0,-38.00000000000001,30.0
815,271.0,37.0,-36.99999999999999,30.0
816,272.0,44.0,-44.00000000000001,30.0
817,272.0,42.0,-42.0,30.0
818,272.0,41.0,-41.0,30.0
819,273.0,37.0,-37.00000000000001,30.0
820,273.0,36.0,-36.00000000000001,30.0
821,273.0,42.0,-42.0,30.0
822,274.0,39.0,-39.00000000000001,30.0
823,274.0,36.0,-36.0,30.0
824,274.0,36.0,-36.0,30.0
825,275.0,38.0,-38.00000000000001,30.0
826,275.0,33.0,-33.0,30.0
827,275.0,41.0,-40.99999999999999,30.0
828,276.0,34.0,-34.00000000000001,30.0
829,276.0,38.0,-38.00000000000001,30.0
830,276.0,36.0,-36.00000000000001,30.0
831,277.0,41.0,-41.0,30.0
832,277.0,38.0,-38.00000000000001,30.0
833,277.0,36.0,-35.99999999999999,30.0
834,278.0,39.0,-39.0,30.0
835,278.0,37.0,-37.00000000000001,30.0
836,278.0,37.0,-36.99999999999999,30.0
837,279.0,40.0,-39.99999999999999,30.0
838,279.0,38.0,-38.000000000000014,30.0
839,279.0,34.0,-34.00000000000001,30.0
840,280.0,36.0,-36.00000000000001,30.0
841,280.0,38.0,-38.0,30.0
842,280.0,36.0,-35.99999999999999,30.0
843,281.0,37.0,-37.00000000000001,30.0
844,281.0,36.0,-35.99999999999999,30.0
845,281.0,43.0,-43.0,30.0
846,282.0,37.0,-37.000000000000014,30.0
847,282.0,37.0,-37.0,30.0
848,282.0,41.0,-41.0,30.0
849,283.0,38.0,-38.00000000000001,30.0
850,283.0,36.0,-36.000000000000014,30.0
851,283.0,35.0,-35.0,30.0
852,284.0,38.0,-38.000000000000014,30.0
853,284.0,37.0,-37.0,30.0
854,284.0,36.0,-36.0,30.0
855,285.0,36.0,-35.99999999999999,30.0
856,285.0,38.0,-38.0,30.0
857,285.0,36.0,-36.0,30.0
858,286.0,36.0,-36.0,30.0
859,286.0,38.0,-38.0,30.0
860,286.0,38.0,-38.00000000000001,30.0
861,287.0,33.0,-33.00000000000001,30.0
862,287.0,34.0,-34.00000000000001,30.0
863,287.0,44.0,-44.00000000000001,30.0
864,288.0,38.0,-38.0,30.0
865,288.0,37.0,-36.999999999999986,30.0
866,288.0,39.0,-39.0,30.0
867,289.0,38.0,-38.0,30.0
868,289.0,34.0,-33.99999999999999,30.0
869,289.0,36.0,-36.000000000000014,30.0
870,290.0,40.0,-39.99999999999999,30.0
871,290.0,38.0,-38.00000000000001,30.0
872,290.0,38.0,-38.0,30.0
873,291.0,38.0,-38.0,30.0
874,291.0,39.0,-39.0,30.0
875,291.0,37.0,-37.00000000000001,30.0
876,292.0,39.0,-38.99999999999999,30.0
877,292.0,37.0,-37.0,30.0
878,292.0,36.0,-36.0,30.0
879,293.0,37.0,-37.0,30.0
880,293.0,42.0,-42.0,30.0
881,293.0,36.0,-36.0,30.0
882,294.0,37.0,-37.0,30.0
883,294.0,37.0,-36.99999999999999,30.0
884,294.0,33.0,-33.0,30.0
885,295.0,35.0,-35.0,30.0
886,295.0,35.0,-34.99999999999999,30.0
887,295.0,36.0,-36.0,30.0
888,296.0,37.0,-37.00000000000001,30.0
889,296.0,36.0,-36.0,30.0
890,296.0,34.0,-33.99999999999999,30.0
891,297.0,36.0,-36.0,30.0
892,297.0,37.0,-37.0,30.0
893,297.0,42.0,-42.0,30.0
894,298.0,33.0,-33.0,30.0
895,298.0,35.0,-34.99999999999999,30.0
896,298.0,38.0,-38.00000000000001,30.0
897,299.0,35.0,-35.0,30.0
898,299.0,37.0,-36.99999999999999,30.0
899,299.0,33.0,-33.00000000000001,30.0
900,300.0,36.0,-36.0,30.0
901,300.0,38.0,-38.000000000000014,30.0
902,300.0,43.0,-43.0,30.0
903,301.0,36.0,-36.0,30.0
904,301.0,41.0,-41.00000000000001,30.0
905,301.0,35.0,-35.0,30.0
906,302.0,36.0,-36.0,30.0
907,302.0,39.0,-39.0,30.0
908,302.0,35.0,-34.99999999999999,30.0
909,303.0,37.0,-36.99999999999999,30.0
910,303.0,38.0,-38.00000000000001,30.0
911,303.0,38.0,-38.0,30.0
912,304.0,41.0,-41.00000000000001,30.0
913,304.0,36.0,-36.00000000000001,30.0
914,304.0,38.0,-38.00000000000001,30.0
915,305.0,36.0,-36.0,30.0
916,305.0,37.0,-37.0,30.0
917,305.0,44.0,-44.0,30.0
918,306.0,44.0,-44.0,30.0
919,306.0,35.0,-35.0,30.0
920,306.0,36.0,-36.0,30.0
921,307.0,40.0,-40.00000000000001,30.0
922,307.0,39.0,-38.99999999999999,30.0
923,307.0,40.0,-40.00000000000001,30.0
924,308.0,36.0,-36.00000000000001,30.0
925,308.0,38.0,-37.99999999999999,30.0
926,308.0,35.0,-35.00000000000001,30.0
927,309.0,37.0,-36.99999999999999,30.0
928,309.0,36.0,-35.999999999999986,30.0
929,309.0,35.0,-35.0,30.0
930,310.0,36.0,-35.99999999999999,30.0
931,310.0,34.0,-34.0,30.0
932,310.0,37.0,-37.00000000000001,30.0
933,311.0,36.0,-36.00000000000001,30.0
934,311.0,36.0,-36.00000000000001,30.0
935,311.0,38.0,-38.0,30.0
936,312.0,35.0,-35.0,30.0
937,312.0,36.0,-36.00000000000001,30.0
938,312.0,36.0,-36.00000000000001,30.0
939,313.0,35.0,-35.000000000000014,30.0
940,313.0,38.0,-38.00000000000001,30.0
941,313.0,42.0,-42.0,30.0
942,314.0,33.0,-33.0,30.0
943,314.0,36.0,-36.000000000000014,30.0
944,314.0,37.0,-36.99999999999999,30.0
945,315.0,36.0,-36.000000000000014,30.0
946,315.0,38.0,-37.999999999999986,30.0
947,315.0,34.0,-34.0,30.0
948,316.0,37.0,-37.00000000000001,30.0
949,316.0,36.0,-36.00000000000001,30.0
950,316.0,38.0,-38.0,30.0
951,317.0,35.0,-35.0,30.0
952,317.0,37.0,-37.0,30.0
953,317.0,38.0,-38.00000000000001,30.0
954,318.0,38.0,-38.00000000000001,30.0
955,318.0,40.0,-40.0,30.0
956,318.0,36.0,-36.00000000000001,30.0
957,319.0,36.0,-36.00000000000001,30.0
958,319.0,36.0,-36.00000000000001,30.0
959,319.0,36.0,-35.99999999999999,30.0
960,320.0,37.0,-37.0,30.0
961,320.0,36.0,-36.0,30.0
962,320.0,39.0,-39.0,30.0
963,321.0,37.0,-36.99999999999999,30.0
964,321.0,36.0,-36.0,30.0
965,321.0,38.0,-38.0,30.0
966,322.0,35.0,-35.0,30.0
967,322.0,39.0,-39.00000000000001,30.0
968,322.0,35.0,-35.000000000000014,30.0
969,323.0,35.0,-34.99999999999999,30.0
970,323.0,35.0,-35.0,30.0
971,323.0,36.0,-35.99999999999999,30.0
972,324.0,32.0,-32.0,30.0
973,324.0,37.0,-37.00000000000001,30.0
974,324.0,39.0,-39.00000000000001,30.0
975,325.0,40.0,-40.0,30.0
976,325.0,36.0,-36.00000000000001,30.0
977,325.0,39.0,-39.0,30.0
978,326.0,35.0,-34.99999999999999,30.0
979,326.0,42.0,-42.0,30.0
980,326.0,40.0,-39.99999999999999,30.0
981,327.0,37.0,-37.0,30.0
982,327.0,39.0,-39.00000000000001,30.0
983,327.0,38.0,-38.0,30.0
984,328.0,36.0,-36.000000000000014,30.0
985,328.0,34.0,-34.00000000000001,30.0
986,328.0,44.0,-44.0,30.0
987,329.0,33.0,-33.0,30.0
988,329.0,36.0,-36.0,30.0
989,329.0,39.0,-39.00000000000001,30.0
990,330.0,43.0,-43.0,30.0
991,330.0,36.0,-36.00000000000001,30.0
992,330.0,38.0,-38.0,30.0
993,331.0,40.0,-39.99999999999999,30.0
994,331.0,36.0,-36.00000000000001,30.0
995,331.0,34.0,-34.0,30.0
996,332.0,41.0,-41.0,30.0
997,332.0,38.0,-38.0,30.0
998,332.0,38.0,-38.0,30.0
999,333.0,35.0,-35.0,30.0
1000,333.0,38.0,-37.99999999999999,30.0
1001,333.0,35.0,-35.00000000000001,30.0
1002,334.0,35.0,-35.0,30.0
1003,334.0,39.0,-38.99999999999999,30.0
1004,334.0,41.0,-41.0,30.0
1005,335.0,36.0,-36.0,30.0
1006,335.0,37.0,-36.99999999999999,30.0
1007,335.0,40.0,-40.0,30.0
1008,336.0,40.0,-40.00000000000001,30.0
1009,336.0,35.0,-35.00000000000001,30.0
1010,336.0,38.0,-38.00000000000001,30.0
1011,337.0,36.0,-36.0,30.0
1012,337.0,36.0,-36.0,30.0
1013,337.0,36.0,-36.00000000000001,30.0
1014,338.0,37.0,-37.0,30.0
1015,338.0,39.0,-39.0,30.0
1016,338.0,35.0,-35.0,30.0
1017,339.0,35.0,-35.000000000000014,30.0
1018,339.0,37.0,-37.000000000000014,30.0
1019,339.0,40.0,-40.0,30.0
1020,340.0,37.0,-37.0,30.0
1021,340.0,41.0,-41.0,30.0
1022,340.0,38.0,-38.0,30.0
1023,341.0,35.0,-35.0,30.0
1024,341.0,36.0,-36.0,30.0
1025,341.0,35.0,-35.0,30.0
1026,342.0,35.0,-35.00000000000001,30.0
1027,342.0,45.0,-45.0,30.0
1028,342.0,37.0,-36.99999999999999,30.0
1029,343.0,42.0,-41.99999999999999,30.0
1030,343.0,33.0,-33.00000000000001,30.0
1031,343.0,41.0,-41.0,30.0
1032,344.0,34.0,-34.0,30.0
1033,344.0,35.0,-35.00000000000001,30.0
1034,344.0,42.0,-42.0,30.0
1035,345.0,40.0,-40.0,30.0
1036,345.0,36.0,-36.00000000000001,30.0
1037,345.0,39.0,-39.0,30.0
1038,346.0,41.0,-40.99999999999999,30.0
1039,346.0,37.0,-37.00000000000001,30.0
1040,346.0,42.0,-42.0,30.0
1041,347.0,34.0,-33.99999999999999,30.0
1042,347.0,34.0,-34.0,30.0
1043,347.0,38.0,-37.99999999999999,30.0
1044,348.0,37.0,-36.99999999999999,30.0
1045,348.0,35.0,-35.0,30.0
1046,348.0,38.0,-38.0,30.0
1047,349.0,42.0,-41.99999999999999,30.0
1048,349.0,37.0,-37.0,30.0
1049,349.0,35.0,-34.99999999999999,30.0
1050,350.0,36.0,-36.0,30.0
1051,350.0,38.0,-38.000000000000014,30.0
1052,350.0,36.0,-36.000000000000014,30.0
1053,351.0,38.0,-38.00000000000001,30.0
1054,351.0,39.0,-39.00000000000001,30.0
1055,351.0,35.0,-35.0,30.0
1056,352.0,36.0,-36.000000000000014,30.0
1057,352.0,34.0,-34.00000000000001,30.0
1058,352.0,40.0,-40.0,30.0
1059,353.0,37.0,-36.999999999999986,30.0
1060,353.0,35.0,-35.00000000000001,30.0
1061,353.0,36.0,-36.00000000000001,30.0
1062,354.0,35.0,-35.0,30.0
1063,354.0,39.0,-39.0,30.0
1064,354.0,37.0,-37.0,30.0
1065,355.0,37.0,-37.00000000000001,30.0
1066,355.0,36.0,-36.00000000000001,30.0
1067,355.0,38.0,-38.00000000000001,30.0
1068,356.0,39.0,-38.999999999999986,30.0
1069,356.0,36.0,-36.0,30.0
1070,356.0,38.0,-38.0,30.0
1071,357.0,34.0,-34.0,30.0
1072,357.0,38.0,-38.0,30.0
1073,357.0,35.0,-35.0,30.0
1074,358.0,38.0,-38.0,30.0
1075,358.0,35.0,-35.0,30.0
1076,358.0,36.0,-36.0,30.0
1077,359.0,40.0,-39.99999999999999,30.0
1078,359.0,34.0,-34.0,30.0
1079,359.0,36.0,-36.0,30.0
1080,360.0,39.0,-39.0,30.0
1081,360.0,39.0,-39.00000000000001,30.0
1082,360.0,39.0,-38.99999999999999,30.0
1083,361.0,37.0,-37.00000000000001,30.0
1084,361.0,36.0,-36.00000000000001,30.0
1085,361.0,34.0,-34.00000000000001,30.0
1086,362.0,36.0,-36.0,30.0
1087,362.0,32.0,-32.00000000000001,30.0
1088,362.0,35.0,-35.00000000000001,30.0
1089,363.0,38.0,-37.99999999999999,30.0
1090,363.0,39.0,-39.00000000000001,30.0
1091,363.0,37.0,-36.99999999999999,30.0
1092,364.0,45.0,-45.0,30.0
1093,364.0,36.0,-36.000000000000014,30.0
1094,364.0,34.0,-34.00000000000001,30.0
1095,365.0,35.0,-34.999999999999986,30.0
1096,365.0,36.0,-36.00000000000001,30.0
1097,365.0,38.0,-38.0,30.0
1098,366.0,38.0,-38.0,30.0
1099,366.0,42.0,-42.0,30.0
1100,366.0,38.0,-38.00000000000001,30.0
1101,367.0,38.0,-38.0,30.0
1102,367.0,38.0,-38.0,30.0
1103,367.0,36.0,-36.00000000000001,30.0
1104,368.0,38.0,-38.0,30.0
1105,368.0,36.0,-36.0,30.0
1106,368.0,35.0,-34.99999999999999,30.0
1107,369.0,38.0,-38.00000000000001,30.0
1108,369.0,35.0,-35.00000000000001,30.0
1109,369.0,36.0,-36.0,30.0
1110,370.0,40.0,-40.00000000000001,30.0
1111,370.0,37.0,-37.0,30.0
1112,370.0,38.0,-37.99999999999999,30.0
1113,371.0,36.0,-36.0,30.0
1114,371.0,39.0,-38.99999999999999,30.0
1115,371.0,36.0,-36.00000000000001,30.0
1116,372.0,43.0,-42.99999999999999,30.0
1117,372.0,37.0,-37.0,30.0
1118,372.0,36.0,-36.00000000000001,30.0
1119,373.0,39.0,-39.00000000000001,30.0
1120,373.0,38.0,-38.0,30.0
1121,373.0,37.0,-37.0,30.0
1122,374.0,37.0,-37.00000000000001,30.0
1123,374.0,38.0,-38.0,30.0
1124,374.0,35.0,-35.0,30.0
1125,375.0,38.0,-38.0,30.0
1126,375.0,39.0,-39.00000000000001,30.0
1127,375.0,39.0,-38.99999999999999,30.0
1128,376.0,38.0,-38.00000000000001,30.0
1129,376.0,35.0,-35.0,30.0
1130,376.0,36.0,-36.0,30.0
1131,377.0,38.0,-38.00000000000001,30.0
1132,377.0,39.0,-38.99999999999999,30.0
1133,377.0,39.0,-39.0,30.0
1134,378.0,38.0,-38.0,30.0
1135,378.0,35.0,-35.0,30.0
1136,378.0,37.0,-37.0,30.0
1137,379.0,35.0,-34.99999999999999,30.0
1138,379.0,35.0,-35.0,30.0
1139,379.0,42.0,-42.0,30.0
1140,380.0,36.0,-36.0,30.0
1141,380.0,38.0,-38.00000000000001,30.0
1142,380.0,38.0,-37.99999999999999,30.0
1143,381.0,34.0,-34.0,30.0
1144,381.0,35.0,-35.0,30.0
1145,381.0,39.0,-39.0,30.0
1146,382.0,36.0,-36.0,30.0
1147,382.0,37.0,-37.0,30.0
1148,382.0,34.0,-34.00000000000001,30.0
1149,383.0,35.0,-35.0,30.0
1150,383.0,35.0,-35.00000000000001,30.0
1151,383.0,39.0,-39.00000000000001,30.0
1152,384.0,39.0,-38.99999999999999,30.0
1153,384.0,37.0,-36.999999999999986,30.0
1154,384.0,34.0,-34.00000000000001,30.0
1155,385.0,38.0,-38.0,30.0
1156,385.0,43.0,-43.0,30.0
1157,385.0,40.0,-40.0,30.0
1158,386.0,39.0,-38.99999999999999,30.0
1159,386.0,36.0,-36.0,30.0
1160,386.0,35.0,-35.0,30.0
1161,387.0,39.0,-39.0,30.0
1162,387.0,38.0,-38.0,30.0
1163,387.0,36.0,-36.00000000000001,30.0
1164,388.0,38.0,-38.0,30.0
1165,388.0,38.0,-38.0,30.0
1166,388.0,37.0,-37.00000000000001,30.0
1167,389.0,36.0,-36.00000000000001,30.0
1168,389.0,39.0,-38.99999999999999,30.0
1169,389.0,34.0,-34.0,30.0
1170,390.0,39.0,-39.0,30.0
1171,390.0,42.0,-42.0,30.0
1172,390.0,35.0,-34.99999999999999,30.0
1173,391.0,33.0,-33.0,30.0
1174,391.0,33.0,-33.0,30.0
1175,391.0,38.0,-38.0,30.0
1176,392.0,37.0,-37.0,30.0
1177,392.0,40.0,-39.99999999999999,30.0
1178,392.0,33.0,-33.0,30.0
1179,393.0,36.0,-36.0,30.0
1180,393.0,36.0,-36.0,30.0
1181,393.0,41.0,-40.999999999999986,30.0
1182,394.0,37.0,-37.00000000000001,30.0
1183,394.0,38.0,-38.000000000000014,30.0
1184,394.0,38.0,-37.99999999999999,30.0
1185,395.0,33.0,-33.00000000000001,30.0
1186,395.0,35.0,-35.00000000000001,30.0
1187,395.0,38.0,-38.00000000000001,30.0
1188,396.0,35.0,-35.0,30.0
1189,396.0,34.0,-34.0,30.0
1190,396.0,37.0,-37.00000000000001,30.0
1191,397.0,35.0,-35.000000000000014,30.0
1192,397.0,36.0,-36.0,30.0
1193,397.0,34.0,-34.0,30.0
1194,398.0,33.0,-33.00000000000001,30.0
1195,398.0,36.0,-36.0,30.0
1196,398.0,42.0,-41.99999999999999,30.0
1197,399.0,36.0,-36.000000000000014,30.0
1198,399.0,36.0,-36.0,30.0
1199,399.0,33.0,-32.99999999999999,30.0
1200,400.0,35.0,-35.0,30.0
1201,400.0,38.0,-38.0,30.0
1202,400.0,35.0,-35.0,30.0
1203,401.0,34.0,-34.000000000000014,30.0
1204,401.0,35.0,-35.0,30.0
1205,401.0,38.0,-38.00000000000001,30.0
1206,402.0,32.0,-32.0,30.0
1207,402.0,35.0,-35.0,30.0
1208,402.0,36.0,-35.99999999999999,30.0
1209,403.0,38.0,-38.0,30.0
1210,403.0,34.0,-34.0,30.0
1211,403.0,36.0,-36.0,30.0
1212,404.0,35.0,-35.0,30.0
1213,404.0,34.0,-34.0,30.0
1214,404.0,38.0,-37.99999999999999,30.0
1215,405.0,41.0,-41.0,30.0
1216,405.0,39.0,-39.00000000000001,30.0
1217,405.0,35.0,-34.99999999999999,30.0
1218,406.0,35.0,-35.00000000000001,30.0
1219,406.0,40.0,-40.0,30.0
1220,406.0,37.0,-37.00000000000001,30.0
1221,407.0,35.0,-35.0,30.0
1222,407.0,36.0,-35.99999999999999,30.0
1223,407.0,33.0,-33.0,30.0
1224,408.0,36.0,-36.0,30.0
1225,408.0,33.0,-33.0,30.0
1226,408.0,35.0,-35.0,30.0
1227,409.0,35.0,-35.0,30.0
1228,409.0,35.0,-35.0,30.0
1229,409.0,35.0,-35.000000000000014,30.0
1230,410.0,35.0,-34.99999999999999,30.0
1231,410.0,35.0,-34.99999999999999,30.0
1232,410.0,35.0,-35.0,30.0
1233,411.0,35.0,-34.99999999999999,30.0
1234,411.0,34.0,-34.0,30.0
1235,411.0,34.0,-34.0,30.0
1236,412.0,36.0,-35.99999999999999,30.0
1237,412.0,37.0,-37.000000000000014,30.0
1238,412.0,36.0,-36.00000000000001,30.0
1239,413.0,38.0,-38.0,30.0
1240,413.0,35.0,-35.00000000000001,30.0
1241,413.0,35.0,-35.0,30.0
1242,414.0,33.0,-33.0,30.0
1243,414.0,37.0,-37.00000000000001,30.0
1244,414.0,35.0,-35.0,30.0
1245,415.0,35.0,-35.00000000000001,30.0
1246,415.0,34.0,-34.0,30.0
1247,415.0,42.0,-42.00000000000001,30.0
1248,416.0,34.0,-34.0,30.0
1249,416.0,36.0,-35.99999999999999,30.0
1250,416.0,33.0,-33.0,30.0
1251,417.0,36.0,-35.99999999999999,30.0
1252,417.0,34.0,-34.0,30.0
1253,417.0,34.0,-34.00000000000001,30.0
1254,418.0,40.0,-40.00000000000001,30.0
1255,418.0,34.0,-34.0,30.0
1256,418.0,34.0,-33.99999999999999,30.0
1257,419.0,40.0,-39.99999999999999,30.0
1258,419.0,36.0,-36.00000000000001,30.0
1259,419.0,37.0,-37.00000000000001,30.0
1260,420.0,36.0,-36.0,30.0
1261,420.0,34.0,-34.0,30.0
1262,420.0,38.0,-38.00000000000001,30.0
1263,421.0,40.0,-39.99999999999999,30.0
1264,421.0,37.0,-37.0,30.0
1265,421.0,38.0,-38.0,30.0
1266,422.0,32.0,-32.0,30.0
1267,422.0,40.0,-39.99999999999999,30.0
1268,422.0,34.0,-33.99999999999999,30.0
1269,423.0,36.0,-36.00000000000001,30.0
1270,423.0,35.0,-35.0,30.0
1271,423.0,34.0,-34.0,30.0
1272,424.0,37.0,-37.0,30.0
1273,424.0,36.0,-36.0,30.0
1274,424.0,35.0,-35.0,30.0
1275,425.0,36.0,-36.00000000000001,30.0
1276,425.0,35.0,-34.999999999999986,30.0
1277,425.0,37.0,-37.0,30.0
1278,426.0,33.0,-33.0,30.0
1279,426.0,32.0,-32.0,30.0
1280,426.0,35.0,-35.0,30.0
1281,427.0,35.0,-35.0,30.0
1282,427.0,35.0,-35.0,30.0
1283,427.0,32.0,-32.0,30.0
1284,428.0,39.0,-39.0,30.0
1285,428.0,38.0,-37.99999999999999,30.0
1286,428.0,32.0,-32.0,30.0
1287,429.0,35.0,-35.0,30.0
1288,429.0,35.0,-35.0,30.0
1289,429.0,35.0,-35.00000000000001,30.0
1290,430.0,37.0,-36.99999999999999,30.0
1291,430.0,35.0,-34.99999999999999,30.0
1292,430.0,35.0,-35.0,30.0
1293,431.0,35.0,-35.00000000000001,30.0
1294,431.0,37.0,-37.00000000000001,30.0
1295,431.0,35.0,-35.000000000000014,30.0
1296,432.0,35.0,-35.00000000000001,30.0
1297,432.0,34.0,-33.99999999999999,30.0
1298,432.0,35.0,-34.99999999999999,30.0
1299,433.0,34.0,-34.00000000000001,30.0
1300,433.0,37.0,-37.00000000000001,30.0
1301,433.0,35.0,-35.0,30.0
1302,434.0,39.0,-39.0,30.0
1303,434.0,35.0,-35.0,30.0
1304,434.0,35.0,-34.99999999999999,30.0
1305,435.0,35.0,-34.99999999999999,30.0
1306,435.0,35.0,-35.00000000000001,30.0
1307,435.0,38.0,-38.0,30.0
1308,436.0,36.0,-36.0,30.0
1309,436.0,35.0,-34.99999999999999,30.0
1310,436.0,35.0,-35.00000000000001,30.0
1311,437.0,35.0,-35.00000000000001,30.0
1312,437.0,32.0,-31.999999999999996,30.0
1313,437.0,37.0,-36.99999999999999,30.0
1314,438.0,34.0,-34.00000000000001,30.0
1315,438.0,34.0,-33.99999999999999,30.0
1316,438.0,36.0,-35.99999999999999,30.0
1317,439.0,36.0,-36.00000000000001,30.0
1318,439.0,35.0,-35.0,30.0
1319,439.0,32.0,-32.0,30.0
1320,440.0,35.0,-35.00000000000001,30.0
1321,440.0,37.0,-37.00000000000001,30.0
1322,440.0,36.0,-36.0,30.0
1323,441.0,37.0,-36.99999999999999,30.0
1324,441.0,35.0,-35.0,30.0
1325,441.0,36.0,-36.0,30.0
1326,442.0,37.0,-37.0,30.0
1327,442.0,37.0,-36.999999999999986,30.0
1328,442.0,38.0,-37.99999999999999,30.0
1329,443.0,35.0,-35.0,30.0
1330,443.0,38.0,-38.0,30.0
1331,443.0,36.0,-36.0,30.0
1332,444.0,33.0,-33.0,30.0
1333,444.0,40.0,-39.99999999999999,30.0
1334,444.0,38.0,-38.0,30.0
1335,445.0,33.0,-33.00000000000001,30.0
1336,445.0,35.0,-35.00000000000001,30.0
1337,445.0,35.0,-35.0,30.0
1338,446.0,35.0,-35.0,30.0
1339,446.0,39.0,-38.99999999999999,30.0
1340,446.0,33.0,-33.0,30.0
1341,447.0,35.0,-35.0,30.0
1342,447.0,39.0,-39.0,30.0
1343,447.0,37.0,-37.0,30.0
1344,448.0,36.0,-36.0,30.0
1345,448.0,35.0,-35.0,30.0
1346,448.0,36.0,-36.0,30.0
1347,449.0,39.0,-39.0,30.0
1348,449.0,38.0,-38.00000000000001,30.0
1349,449.0,35.0,-35.0,30.0
1350,450.0,34.0,-33.99999999999999,30.0
1351,450.0,38.0,-38.0,30.0
1352,450.0,32.0,-32.0,30.0
1353,451.0,32.0,-31.999999999999996,30.0
1354,451.0,35.0,-35.0,30.0
1355,451.0,35.0,-35.0,30.0
1356,452.0,38.0,-37.99999999999999,30.0
1357,452.0,36.0,-36.0,30.0
1358,452.0,35.0,-35.00000000000001,30.0
1359,453.0,36.0,-36.0,30.0
1360,453.0,33.0,-33.0,30.0
1361,453.0,38.0,-38.0,30.0
1362,454.0,36.0,-35.99999999999999,30.0
1363,454.0,33.0,-33.0,30.0
1364,454.0,35.0,-35.0,30.0
1365,455.0,38.0,-38.00000000000001,30.0
1366,455.0,35.0,-35.0,30.0
1367,455.0,35.0,-35.00000000000001,30.0
1368,456.0,37.0,-36.99999999999999,30.0
1369,456.0,39.0,-39.0,30.0
1370,456.0,33.0,-33.0,30.0
1371,457.0,36.0,-36.0,30.0
1372,457.0,33.0,-33.0,30.0
1373,457.0,36.0,-36.0,30.0
1374,458.0,38.0,-38.0,30.0
1375,458.0,38.0,-37.99999999999999,30.0
1376,458.0,37.0,-36.99999999999999,30.0
1377,459.0,34.0,-34.0,30.0
1378,459.0,34.0,-34.00000000000001,30.0
1379,459.0,35.0,-34.99999999999999,30.0
1380,460.0,35.0,-35.0,30.0
1381,460.0,37.0,-36.99999999999999,30.0
1382,460.0,35.0,-35.0,30.0
1383,461.0,35.0,-35.00000000000001,30.0
1384,461.0,35.0,-35.00000000000001,30.0
1385,461.0,34.0,-34.0,30.0
1386,462.0,33.0,-33.0,30.0
1387,462.0,34.0,-34.00000000000001,30.0
1388,462.0,37.0,-37.0,30.0
1389,463.0,35.0,-35.0,30.0
1390,463.0,38.0,-37.99999999999999,30.0
1391,463.0,34.0,-34.0,30.0
1392,464.0,35.0,-34.999999999999986,30.0
1393,464.0,37.0,-37.00000000000001,30.0
1394,464.0,35.0,-34.999999999999986,30.0
1395,465.0,34.0,-34.0,30.0
1396,465.0,34.0,-33.99999999999999,30.0
1397,465.0,34.0,-33.99999999999999,30.0
1398,466.0,35.0,-35.00000000000001,30.0
1399,466.0,35.0,-35.0,30.0
1400,466.0,38.0,-38.0,30.0
1401,467.0,36.0,-35.99999999999999,30.0
1402,467.0,35.0,-34.999999999999986,30.0
1403,467.0,35.0,-35.0,30.0
1404,468.0,33.0,-32.99999999999999,30.0
1405,468.0,35.0,-35.0,30.0
1406,468.0,35.0,-35.0,30.0
1407,469.0,35.0,-35.0,30.0
1408,469.0,35.0,-35.0,30.0
1409,469.0,35.0,-35.0,30.0
1410,470.0,35.0,-35.0,30.0
1411,470.0,38.0,-38.00000000000001,30.0
1412,470.0,35.0,-35.00000000000001,30.0
1413,471.0,36.0,-36.0,30.0
1414,471.0,37.0,-36.99999999999999,30.0
1415,471.0,34.0,-33.99999999999999,30.0
1416,472.0,35.0,-35.0,30.0
1417,472.0,34.0,-34.0,30.0
1418,472.0,35.0,-35.0,30.0
1419,473.0,35.0,-35.0,30.0
1420,473.0,35.0,-35.0,30.0
1421,473.0,35.0,-35.00000000000001,30.0
1422,474.0,41.0,-41.0,30.0
1423,474.0,34.0,-34.0,30.0
1424,474.0,33.0,-33.0,30.0
1425,475.0,37.0,-37.0,30.0
1426,475.0,35.0,-35.0,30.0
1427,475.0,35.0,-35.0,30.0
1428,476.0,33.0,-33.0,30.0
1429,476.0,35.0,-35.0,30.0
1430,476.0,37.0,-37.0,30.0
1431,477.0,34.0,-34.0,30.0
1432,477.0,35.0,-34.999999999999986,30.0
1433,477.0,38.0,-38.0,30.0
1434,478.0,35.0,-35.0,30.0
1435,478.0,35.0,-35.0,30.0
1436,478.0,34.0,-34.0,30.0
1437,479.0,35.0,-35.000000000000014,30.0
1438,479.0,37.0,-37.00000000000001,30.0
1439,479.0,38.0,-37.99999999999999,30.0
1440,480.0,35.0,-35.00000000000001,30.0
1441,480.0,33.0,-33.0,30.0
1442,480.0,34.0,-34.0,30.0
1443,481.0,34.0,-34.0,30.0
1444,481.0,36.0,-35.99999999999999,30.0
1445,481.0,39.0,-39.0,30.0
1446,482.0,35.0,-35.0,30.0
1447,482.0,34.0,-34.0,30.0
1448,482.0,35.0,-34.99999999999999,30.0
1449,483.0,35.0,-34.99999999999999,30.0
1450,483.0,38.0,-38.0,30.0
1451,483.0,36.0,-36.0,30.0
1452,484.0,38.0,-38.0,30.0
1453,484.0,32.0,-32.00000000000001,30.0
1454,484.0,34.0,-33.99999999999999,30.0
1455,485.0,35.0,-35.0,30.0
1456,485.0,34.0,-34.00000000000001,30.0
1457,485.0,35.0,-35.0,30.0
1458,486.0,35.0,-35.0,30.0
1459,486.0,35.0,-35.0,30.0
1460,486.0,36.0,-36.0,30.0
1461,487.0,36.0,-36.0,30.0
1462,487.0,32.0,-31.999999999999993,30.0
1463,487.0,35.0,-34.99999999999999,30.0
1464,488.0,35.0,-35.0,30.0
1465,488.0,34.0,-33.99999999999999,30.0
1466,488.0,35.0,-34.99999999999999,30.0
1467,489.0,35.0,-35.0,30.0
1468,489.0,33.0,-32.99999999999999,30.0
1469,489.0,32.0,-31.999999999999993,30.0
1470,490.0,35.0,-35.0,30.0
1471,490.0,35.0,-35.0,30.0
1472,490.0,34.0,-34.0,30.0
1473,491.0,35.0,-35.00000000000001,30.0
1474,491.0,33.0,-33.0,30.0
1475,491.0,35.0,-35.0,30.0
1476,492.0,39.0,-38.999999999999986,30.0
1477,492.0,37.0,-37.00000000000001,30.0
1478,492.0,36.0,-36.00000000000001,30.0
1479,493.0,36.0,-36.0,30.0
1480,493.0,35.0,-35.00000000000001,30.0
1481,493.0,36.0,-36.00000000000001,30.0
1482,494.0,32.0,-31.999999999999996,30.0
1483,494.0,33.0,-33.0,30.0
1484,494.0,32.0,-31.999999999999996,30.0
1485,495.0,32.0,-31.999999999999996,30.0
1486,495.0,40.0,-40.0,30.0
1487,495.0,35.0,-35.0,30.0
1488,496.0,35.0,-35.00000000000001,30.0
1489,496.0,36.0,-36.0,30.0
1490,496.0,35.0,-35.0,30.0
1491,497.0,35.0,-35.0,30.0
1492,497.0,36.0,-35.99999999999999,30.0
1493,497.0,36.0,-35.99999999999999,30.0
1494,498.0,35.0,-35.0,30.0
1495,498.0,35.0,-34.99999999999999,30.0
1496,498.0,35.0,-35.0,30.0
1497,499.0,35.0,-34.999999999999986,30.0
1498,499.0,35.0,-34.99999999999999,30.0
1499,499.0,34.0,-34.0,30.0
1500,500.0,33.0,-33.00000000000001,30.0
1501,500.0,34.0,-33.99999999999999,30.0
1502,500.0,39.0,-39.00000000000001,30.0
1503,501.0,36.0,-36.0,30.0
1504,501.0,33.0,-33.0,30.0
1505,501.0,39.0,-39.00000000000001,30.0
1506,502.0,34.0,-34.00000000000001,30.0
1507,502.0,37.0,-36.99999999999999,30.0
1508,502.0,38.0,-38.0,30.0
1509,503.0,33.0,-33.0,30.0
1510,503.0,35.0,-35.0,30.0
1511,503.0,35.0,-35.0,30.0
1512,504.0,35.0,-35.0,30.0
1513,504.0,33.0,-33.00000000000001,30.0
1514,504.0,35.0,-35.00000000000001,30.0
1515,505.0,35.0,-35.0,30.0
1516,505.0,34.0,-34.0,30.0
1517,505.0,32.0,-31.999999999999996,30.0
1518,506.0,37.0,-37.0,30.0
1519,506.0,36.0,-35.99999999999999,30.0
1520,506.0,40.0,-39.99999999999999,30.0
1521,507.0,37.0,-37.0,30.0
1522,507.0,33.0,-33.0,30.0
1523,507.0,41.0,-41.00000000000001,30.0
1524,508.0,32.0,-31.999999999999996,30.0
1525,508.0,37.0,-36.99999999999999,30.0
1526,508.0,35.0,-35.0,30.0
1527,509.0,35.0,-34.99999999999999,30.0
1528,509.0,42.0,-41.99999999999999,30.0
1529,509.0,35.0,-35.00000000000001,30.0
1530,510.0,37.0,-36.99999999999999,30.0
1531,510.0,35.0,-34.99999999999999,30.0
1532,510.0,32.0,-31.999999999999993,30.0
1533,511.0,36.0,-36.0,30.0
1534,511.0,37.0,-36.99999999999999,30.0
1535,511.0,35.0,-35.0,30.0
1536,512.0,38.0,-38.0,30.0
1537,512.0,37.0,-36.99999999999999,30.0
1538,512.0,35.0,-35.00000000000001,30.0
1539,513.0,37.0,-37.0,30.0
1540,513.0,34.0,-34.0,30.0
1541,513.0,35.0,-35.00000000000001,30.0
1542,514.0,33.0,-33.00000000000001,30.0
1543,514.0,35.0,-35.0,30.0
1544,514.0,33.0,-32.99999999999999,30.0
1545,515.0,34.0,-34.0,30.0
1546,515.0,32.0,-31.999999999999993,30.0
1547,515.0,39.0,-39.00000000000001,30.0
1548,516.0,32.0,-31.999999999999993,30.0
1549,516.0,37.0,-37.00000000000001,30.0
1550,516.0,35.0,-34.999999999999986,30.0
1551,517.0,33.0,-33.0,30.0
1552,517.0,35.0,-35.0,30.0
1553,517.0,38.0,-38.0,30.0
1554,518.0,35.0,-34.999999999999986,30.0
1555,518.0,33.0,-32.99999999999999,30.0
1556,518.0,36.0,-36.0,30.0
1557,519.0,36.0,-36.00000000000001,30.0
1558,519.0,32.0,-31.999999999999993,30.0
1559,519.0,32.0,-31.999999999999996,30.0
1560,520.0,33.0,-33.0,30.0
1561,520.0,38.0,-37.99999999999999,30.0
1562,520.0,36.0,-36.0,30.0
1563,521.0,37.0,-37.0,30.0
1564,521.0,36.0,-36.0,30.0
1565,521.0,35.0,-35.0,30.0
1566,522.0,39.0,-39.00000000000001,30.0
1567,522.0,37.0,-37.0,30.0
1568,522.0,35.0,-35.00000000000001,30.0
1569,523.0,35.0,-34.99999999999999,30.0
1570,523.0,33.0,-33.0,30.0
1571,523.0,34.0,-34.00000000000001,30.0
1572,524.0,35.0,-35.0,30.0
1573,524.0,35.0,-34.99999999999999,30.0
1574,524.0,38.0,-38.00000000000001,30.0
1575,525.0,32.0,-31.999999999999996,30.0
1576,525.0,37.0,-37.0,30.0
1577,525.0,35.0,-35.0,30.0
1578,526.0,34.0,-34.00000000000001,30.0
1579,526.0,37.0,-36.99999999999999,30.0
1580,526.0,35.0,-35.0,30.0
1581,527.0,40.0,-39.99999999999999,30.0
1582,527.0,33.0,-33.0,30.0
1583,527.0,35.0,-34.99999999999999,30.0
1584,528.0,37.0,-36.99999999999999,30.0
1585,528.0,35.0,-35.00000000000001,30.0
1586,528.0,34.0,-34.0,30.0
1587,529.0,35.0,-35.0,30.0
1588,529.0,33.0,-33.0,30.0
1589,529.0,33.0,-33.0,30.0
1590,530.0,33.0,-33.0,30.0
1591,530.0,33.0,-33.00000000000001,30.0
1592,530.0,33.0,-33.00000000000001,30.0
1593,531.0,34.0,-33.99999999999999,30.0
1594,531.0,39.0,-39.0,30.0
1595,531.0,34.0,-33.99999999999999,30.0
1596,532.0,34.0,-33.99999999999999,30.0
1597,532.0,34.0,-34.0,30.0
1598,532.0,34.0,-33.99999999999999,30.0
1599,533.0,35.0,-35.0,30.0
1600,533.0,38.0,-38.0,30.0
1601,533.0,35.0,-35.00000000000001,30.0
1602,534.0,32.0,-31.999999999999993,30.0
1603,534.0,35.0,-35.0,30.0
1604,534.0,33.0,-33.0,30.0
1605,535.0,35.0,-35.0,30.0
1606,535.0,33.0,-32.99999999999999,30.0
1607,535.0,40.0,-40.0,30.0
1608,536.0,33.0,-33.0,30.0
1609,536.0,32.0,-31.999999999999993,30.0
1610,536.0,33.0,-32.99999999999999,30.0
1611,537.0,33.0,-32.99999999999999,30.0
1612,537.0,33.0,-33.0,30.0
1613,537.0,37.0,-36.99999999999999,30.0
1614,538.0,33.0,-33.0,30.0
1615,538.0,35.0,-35.0,30.0
1616,538.0,33.0,-33.0,30.0
1617,539.0,34.0,-33.99999999999999,30.0
1618,539.0,41.0,-41.0,30.0
1619,539.0,32.0,-32.00000000000001,30.0
1620,540.0,35.0,-35.00000000000001,30.0
1621,540.0,32.0,-31.999999999999993,30.0
1622,540.0,35.0,-35.00000000000001,30.0
1623,541.0,35.0,-34.99999999999999,30.0
1624,541.0,34.0,-34.0,30.0
1625,541.0,33.0,-33.0,30.0
1626,542.0,35.0,-35.0,30.0
1627,542.0,36.0,-36.0,30.0
1628,542.0,32.0,-31.999999999999993,30.0
1629,543.0,38.0,-38.0,30.0
1630,543.0,33.0,-33.0,30.0
1631,543.0,37.0,-36.99999999999999,30.0
1632,544.0,35.0,-35.0,30.0
1633,544.0,34.0,-33.999999999999986,30.0
1634,544.0,37.0,-36.99999999999999,30.0
1635,545.0,32.0,-31.999999999999993,30.0
1636,545.0,38.0,-37.99999999999999,30.0
1637,545.0,32.0,-31.999999999999993,30.0
1638,546.0,32.0,-31.999999999999993,30.0
1639,546.0,35.0,-34.99999999999999,30.0
1640,546.0,32.0,-31.999999999999993,30.0
1641,547.0,39.0,-38.99999999999999,30.0
1642,547.0,33.0,-32.99999999999999,30.0
1643,547.0,32.0,-31.999999999999993,30.0
1644,548.0,32.0,-31.999999999999993,30.0
1645,548.0,33.0,-32.99999999999999,30.0
1646,548.0,33.0,-33.0,30.0
1647,549.0,34.0,-34.0,30.0
1648,549.0,36.0,-35.99999999999999,30.0
1649,549.0,36.0,-36.0,30.0
1650,550.0,33.0,-33.0,30.0
1651,550.0,34.0,-34.0,30.0
1652,550.0,33.0,-32.99999999999999,30.0
1653,551.0,32.0,-31.999999999999993,30.0
1654,551.0,32.0,-31.999999999999993,30.0
1655,551.0,38.0,-38.0,30.0
1656,552.0,34.0,-33.99999999999999,30.0
1657,552.0,33.0,-33.0,30.0
1658,552.0,37.0,-37.00000000000001,30.0
1659,553.0,37.0,-36.99999999999999,30.0
1660,553.0,34.0,-34.0,30.0
1661,553.0,33.0,-33.0,30.0
1662,554.0,37.0,-37.00000000000001,30.0
1663,554.0,33.0,-33.0,30.0
1664,554.0,32.0,-32.00000000000001,30.0
1665,555.0,33.0,-33.0,30.0
1666,555.0,32.0,-31.999999999999993,30.0
1667,555.0,33.0,-33.0,30.0
1668,556.0,32.0,-31.999999999999993,30.0
1669,556.0,39.0,-39.0,30.0
1670,556.0,35.0,-35.0,30.0
1671,557.0,33.0,-33.00000000000001,30.0
1672,557.0,32.0,-31.999999999999993,30.0
1673,557.0,32.0,-31.999999999999993,30.0
1674,558.0,32.0,-31.999999999999993,30.0
1675,558.0,38.0,-38.0,30.0
1676,558.0,32.0,-31.999999999999993,30.0
1677,559.0,37.0,-36.99999999999999,30.0
1678,559.0,38.0,-37.99999999999999,30.0
1679,559.0,32.0,-31.999999999999993,30.0
1680,560.0,32.0,-31.999999999999993,30.0
1681,560.0,32.0,-31.999999999999993,30.0
1682,560.0,32.0,-31.999999999999993,30.0
1683,561.0,32.0,-31.999999999999993,30.0
1684,561.0,32.0,-31.999999999999993,30.0
1685,561.0,32.0,-31.999999999999993,30.0
1686,562.0,32.0,-31.999999999999993,30.0
1687,562.0,34.0,-34.0,30.0
1688,562.0,32.0,-31.999999999999993,30.0
1689,563.0,32.0,-31.999999999999993,30.0
1690,563.0,32.0,-31.999999999999993,30.0
1691,563.0,32.0,-31.999999999999993,30.0
1692,564.0,32.0,-31.999999999999993,30.0
1693,564.0,36.0,-35.99999999999999,30.0
1694,564.0,35.0,-35.00000000000001,30.0
1695,565.0,32.0,-31.999999999999993,30.0
1696,565.0,35.0,-35.0,30.0
1697,565.0,38.0,-38.00000000000001,30.0
1698,566.0,32.0,-31.999999999999993,30.0
1699,566.0,32.0,-31.999999999999993,30.0
1700,566.0,33.0,-33.0,30.0
1701,567.0,33.0,-32.99999999999999,30.0
1702,567.0,37.0,-36.99999999999999,30.0
1703,567.0,37.0,-36.99999999999999,30.0
1704,568.0,32.0,-31.999999999999993,30.0
1705,568.0,35.0,-35.0,30.0
1706,568.0,37.0,-37.0,30.0
1707,569.0,32.0,-31.999999999999993,30.0
1708,569.0,32.0,-31.999999999999993,30.0
1709,569.0,32.0,-31.999999999999993,30.0
1710,570.0,37.0,-36.99999999999999,30.0
1711,570.0,32.0,-31.999999999999993,30.0
1712,570.0,38.0,-38.0,30.0
1713,571.0,35.0,-35.0,30.0
1714,571.0,32.0,-31.999999999999993,30.0
1715,571.0,32.0,-31.999999999999993,30.0
1716,572.0,32.0,-31.999999999999993,30.0
1717,572.0,32.0,-31.999999999999993,30.0
1718,572.0,32.0,-31.999999999999993,30.0
1719,573.0,32.0,-31.999999999999993,30.0
1720,573.0,35.0,-35.0,30.0
1721,573.0,32.0,-31.999999999999993,30.0
1722,574.0,32.0,-31.999999999999993,30.0
1723,574.0,32.0,-31.999999999999993,30.0
1724,574.0,32.0,-31.999999999999993,30.0
1725,575.0,40.0,-40.0,30.0
1726,575.0,34.0,-34.00000000000001,30.0
1727,575.0,34.0,-34.0,30.0
1728,576.0,33.0,-33.0,30.0
1729,576.0,34.0,-34.00000000000001,30.0
1730,576.0,38.0,-38.00000000000001,30.0
1731,577.0,32.0,-31.999999999999993,30.0
1732,577.0,32.0,-31.999999999999993,30.0
1733,577.0,32.0,-31.999999999999993,30.0
1734,578.0,32.0,-31.999999999999993,30.0
1735,578.0,32.0,-31.999999999999993,30.0
1736,578.0,32.0,-31.999999999999993,30.0
1737,579.0,36.0,-35.999999999999986,30.0
1738,579.0,34.0,-34.0,30.0
1739,579.0,33.0,-33.0,30.0
1740,580.0,32.0,-31.999999999999993,30.0
1741,580.0,33.0,-33.0,30.0
1742,580.0,36.0,-35.99999999999999,30.0
1743,581.0,36.0,-35.999999999999986,30.0
1744,581.0,33.0,-33.0,30.0
1745,581.0,36.0,-35.99999999999999,30.0
1746,582.0,41.0,-40.99999999999999,30.0
1747,582.0,32.0,-31.999999999999993,30.0
1748,582.0,32.0,-32.0,30.0
1749,583.0,32.0,-31.999999999999993,30.0
1750,583.0,32.0,-31.999999999999993,30.0
1751,583.0,32.0,-31.999999999999993,30.0
1752,584.0,32.0,-31.999999999999993,30.0
1753,584.0,34.0,-34.0,30.0
1754,584.0,32.0,-31.999999999999993,30.0
1755,585.0,32.0,-31.999999999999993,30.0
1756,585.0,35.0,-34.99999999999999,30.0
1757,585.0,32.0,-31.999999999999993,30.0
1758,586.0,32.0,-31.999999999999993,30.0
1759,586.0,32.0,-31.999999999999993,30.0
1760,586.0,33.0,-32.99999999999999,30.0
1761,587.0,32.0,-31.999999999999993,30.0
1762,587.0,32.0,-31.999999999999993,30.0
1763,587.0,32.0,-31.999999999999993,30.0
1764,588.0,32.0,-31.999999999999993,30.0
1765,588.0,37.0,-36.99999999999999,30.0
1766,588.0,32.0,-31.999999999999993,30.0
1767,589.0,32.0,-31.999999999999993,30.0
1768,589.0,34.0,-33.99999999999999,30.0
1769,589.0,32.0,-31.999999999999993,30.0
1770,590.0,35.0,-35.0,30.0
1771,590.0,32.0,-31.999999999999993,30.0
1772,590.0,35.0,-35.00000000000001,30.0
1773,591.0,33.0,-33.0,30.0
1774,591.0,32.0,-31.999999999999993,30.0
1775,591.0,32.0,-31.999999999999993,30.0
1776,592.0,32.0,-31.999999999999993,30.0
1777,592.0,32.0,-31.999999999999993,30.0
1778,592.0,35.0,-34.99999999999999,30.0
1779,593.0,34.0,-34.0,30.0
1780,593.0,32.0,-31.999999999999993,30.0
1781,593.0,32.0,-31.999999999999993,30.0
1782,594.0,35.0,-35.0,30.0
1783,594.0,37.0,-37.0,30.0
1784,594.0,32.0,-31.999999999999993,30.0
1785,595.0,34.0,-34.00000000000001,30.0
1786,595.0,33.0,-33.0,30.0
1787,595.0,32.0,-31.999999999999993,30.0
1788,596.0,36.0,-36.0,30.0
1789,596.0,34.0,-33.99999999999999,30.0
1790,596.0,32.0,-31.999999999999993,30.0
1791,597.0,35.0,-35.0,30.0
1792,597.0,32.0,-31.999999999999993,30.0
1793,597.0,32.0,-31.999999999999993,30.0
1794,598.0,32.0,-31.999999999999993,30.0
1795,598.0,32.0,-31.999999999999993,30.0
1796,598.0,37.0,-36.99999999999999,30.0
1797,599.0,36.0,-36.0,30.0
1798,599.0,34.0,-34.0,30.0
1799,599.0,35.0,-35.00000000000001,30.0
1800,600.0,38.0,-37.99999999999999,30.0
1801,600.0,34.0,-33.99999999999999,30.0
1802,600.0,34.0,-34.0,30.0
1803,601.0,32.0,-31.999999999999993,30.0
1804,601.0,37.0,-37.0,30.0
1805,601.0,32.0,-31.999999999999993,30.0
1806,602.0,32.0,-31.999999999999993,30.0
1807,602.0,32.0,-31.999999999999993,30.0
1808,602.0,32.0,-31.999999999999993,30.0
1809,603.0,36.0,-35.99999999999999,30.0
1810,603.0,32.0,-31.999999999999993,30.0
1811,603.0,32.0,-31.999999999999993,30.0
1812,604.0,38.0,-38.0,30.0
1813,604.0,32.0,-31.999999999999993,30.0
1814,604.0,32.0,-31.999999999999993,30.0
1815,605.0,37.0,-37.00000000000001,30.0
1816,605.0,35.0,-35.00000000000001,30.0
1817,605.0,32.0,-31.999999999999993,30.0
1818,606.0,32.0,-31.999999999999993,30.0
1819,606.0,33.0,-33.0,30.0
1820,606.0,32.0,-31.999999999999993,30.0
1821,607.0,34.0,-34.0,30.0
1822,607.0,32.0,-31.999999999999993,30.0
1823,607.0,32.0,-31.999999999999993,30.0
1824,608.0,32.0,-31.999999999999993,30.0
1825,608.0,32.0,-31.999999999999993,30.0
1826,608.0,32.0,-31.999999999999993,30.0
1827,609.0,32.0,-31.999999999999993,30.0
1828,609.0,32.0,-31.999999999999993,30.0
1829,609.0,32.0,-31.999999999999993,30.0
1830,610.0,32.0,-31.999999999999993,30.0
1831,610.0,32.0,-31.999999999999993,30.0
1832,610.0,32.0,-31.999999999999993,30.0
1833,611.0,32.0,-31.999999999999993,30.0
1834,611.0,32.0,-31.999999999999993,30.0
1835,611.0,40.0,-39.99999999999999,30.0
1836,612.0,38.0,-38.00000000000001,30.0
1837,612.0,32.0,-31.999999999999993,30.0
1838,612.0,40.0,-40.0,30.0
1839,613.0,32.0,-31.999999999999993,30.0
1840,613.0,35.0,-35.0,30.0
1841,613.0,32.0,-31.999999999999993,30.0
1842,614.0,32.0,-31.999999999999993,30.0
1843,614.0,32.0,-31.999999999999993,30.0
1844,614.0,33.0,-33.0,30.0
1845,615.0,36.0,-35.999999999999986,30.0
1846,615.0,32.0,-31.999999999999993,30.0
1847,615.0,34.0,-34.00000000000001,30.0
1848,616.0,32.0,-31.999999999999993,30.0
1849,616.0,32.0,-31.999999999999993,30.0
1850,616.0,32.0,-31.999999999999993,30.0
1851,617.0,36.0,-36.0,30.0
1852,617.0,32.0,-31.999999999999993,30.0
1853,617.0,32.0,-31.999999999999993,30.0
1854,618.0,32.0,-31.999999999999993,30.0
1855,618.0,32.0,-31.999999999999993,30.0
1856,618.0,32.0,-31.999999999999993,30.0
1857,619.0,32.0,-31.999999999999993,30.0
1858,619.0,35.0,-35.00000000000001,30.0
1859,619.0,32.0,-31.999999999999993,30.0
1860,620.0,32.0,-31.999999999999993,30.0
1861,620.0,32.0,-31.999999999999993,30.0
1862,620.0,32.0,-31.999999999999993,30.0
1863,621.0,32.0,-31.999999999999993,30.0
1864,621.0,32.0,-31.999999999999993,30.0
1865,621.0,32.0,-31.999999999999993,30.0
1866,622.0,32.0,-31.999999999999993,30.0
1867,622.0,35.0,-35.0,30.0
1868,622.0,33.0,-33.0,30.0
1869,623.0,34.0,-34.0,30.0
1870,623.0,32.0,-31.999999999999993,30.0
1871,623.0,32.0,-31.999999999999993,30.0
1872,624.0,34.0,-34.00000000000001,30.0
1873,624.0,32.0,-31.999999999999993,30.0
1874,624.0,32.0,-31.999999999999993,30.0
1875,625.0,32.0,-31.999999999999993,30.0
1876,625.0,32.0,-31.999999999999993,30.0
1877,625.0,32.0,-31.999999999999993,30.0
1878,626.0,32.0,-31.999999999999993,30.0
1879,626.0,32.0,-31.999999999999993,30.0
1880,626.0,32.0,-31.999999999999993,30.0
1881,627.0,32.0,-31.999999999999993,30.0
1882,627.0,44.0,-44.0,30.0
1883,627.0,32.0,-31.999999999999993,30.0
1884,628.0,32.0,-31.999999999999993,30.0
1885,628.0,34.0,-34.0,30.0
1886,628.0,37.0,-36.99999999999999,30.0
1887,629.0,32.0,-31.999999999999993,30.0
1888,629.0,32.0,-31.999999999999993,30.0
1889,629.0,32.0,-31.999999999999993,30.0
1890,630.0,32.0,-31.999999999999993,30.0
1891,630.0,32.0,-31.999999999999993,30.0
1892,630.0,32.0,-31.999999999999993,30.0
1893,631.0,32.0,-31.999999999999993,30.0
1894,631.0,32.0,-31.999999999999993,30.0
1895,631.0,32.0,-31.999999999999993,30.0
1896,632.0,32.0,-31.999999999999993,30.0
1897,632.0,32.0,-31.999999999999993,30.0
1898,632.0,32.0,-31.999999999999993,30.0
1899,633.0,32.0,-31.999999999999993,30.0
1900,633.0,32.0,-31.999999999999993,30.0
1901,633.0,35.0,-35.0,30.0
1902,634.0,32.0,-31.999999999999993,30.0
1903,634.0,32.0,-31.999999999999993,30.0
1904,634.0,32.0,-31.999999999999993,30.0
1905,635.0,32.0,-31.999999999999993,30.0
1906,635.0,35.0,-35.0,30.0
1907,635.0,32.0,-31.999999999999993,30.0
1908,636.0,32.0,-31.999999999999993,30.0
1909,636.0,32.0,-31.999999999999993,30.0
1910,636.0,32.0,-31.999999999999993,30.0
1911,637.0,32.0,-31.999999999999993,30.0
1912,637.0,34.0,-34.0,30.0
1913,637.0,32.0,-31.999999999999993,30.0
1914,638.0,32.0,-31.999999999999993,30.0
1915,638.0,32.0,-31.999999999999993,30.0
1916,638.0,32.0,-31.999999999999993,30.0
1917,639.0,32.0,-31.999999999999993,30.0
1918,639.0,37.0,-37.0,30.0
1919,639.0,37.0,-36.99999999999999,30.0
1920,640.0,32.0,-31.999999999999993,30.0
1921,640.0,32.0,-31.999999999999993,30.0
1922,640.0,35.0,-34.99999999999999,30.0
1923,641.0,34.0,-34.0,30.0
1924,641.0,32.0,-31.999999999999993,30.0
1925,641.0,32.0,-31.999999999999993,30.0
1926,642.0,32.0,-31.999999999999993,30.0
1927,642.0,32.0,-31.999999999999993,30.0
1928,642.0,32.0,-31.999999999999993,30.0
1929,643.0,35.0,-35.0,30.0
1930,643.0,32.0,-31.999999999999993,30.0
1931,643.0,32.0,-31.999999999999993,30.0
1932,644.0,32.0,-31.999999999999993,30.0
1933,644.0,32.0,-31.999999999999993,30.0
1934,644.0,32.0,-31.999999999999993,30.0
1935,645.0,35.0,-34.99999999999999,30.0
1936,645.0,32.0,-31.999999999999993,30.0
1937,645.0,32.0,-31.999999999999993,30.0
1938,646.0,32.0,-31.999999999999993,30.0
1939,646.0,32.0,-31.999999999999993,30.0
1940,646.0,32.0,-31.999999999999993,30.0
1941,647.0,32.0,-31.999999999999993,30.0
1942,647.0,32.0,-31.999999999999993,30.0
1943,647.0,32.0,-31.999999999999993,30.0
1944,648.0,34.0,-34.0,30.0
1945,648.0,32.0,-31.999999999999993,30.0
1946,648.0,32.0,-31.999999999999993,30.0
1947,649.0,32.0,-31.999999999999993,30.0
1948,649.0,32.0,-31.999999999999993,30.0
1949,649.0,38.0,-37.999999999999986,30.0
1950,650.0,32.0,-31.999999999999993,30.0
1951,650.0,32.0,-31.999999999999993,30.0
1952,650.0,32.0,-31.999999999999993,30.0
1953,651.0,32.0,-31.999999999999993,30.0
1954,651.0,32.0,-31.999999999999993,30.0
1955,651.0,32.0,-31.999999999999993,30.0
1956,652.0,32.0,-31.999999999999993,30.0
1957,652.0,32.0,-31.999999999999993,30.0
1958,652.0,32.0,-31.999999999999993,30.0
1959,653.0,32.0,-31.999999999999993,30.0
1960,653.0,32.0,-31.999999999999993,30.0
1961,653.0,37.0,-36.99999999999999,30.0
1962,654.0,32.0,-31.999999999999993,30.0
1963,654.0,32.0,-31.999999999999993,30.0
1964,654.0,34.0,-34.0,30.0
1965,655.0,33.0,-32.99999999999999,30.0
1966,655.0,32.0,-31.999999999999993,30.0
1967,655.0,34.0,-33.99999999999999,30.0
1968,656.0,34.0,-34.00000000000001,30.0
1969,656.0,32.0,-31.999999999999993,30.0
1970,656.0,37.0,-37.00000000000001,30.0
1971,657.0,32.0,-31.999999999999993,30.0
1972,657.0,32.0,-31.999999999999993,30.0
1973,657.0,35.0,-35.0,30.0
1974,658.0,32.0,-31.999999999999993,30.0
1975,658.0,32.0,-31.999999999999993,30.0
1976,658.0,32.0,-31.999999999999993,30.0
1977,659.0,32.0,-31.999999999999993,30.0
1978,659.0,32.0,-31.999999999999993,30.0
1979,659.0,32.0,-31.999999999999993,30.0
1980,660.0,32.0,-31.999999999999993,30.0
1981,660.0,32.0,-31.999999999999993,30.0
1982,660.0,32.0,-31.999999999999993,30.0
1983,661.0,32.0,-31.999999999999993,30.0
1984,661.0,32.0,-31.999999999999993,30.0
1985,661.0,36.0,-35.99999999999999,30.0
1986,662.0,32.0,-31.999999999999993,30.0
1987,662.0,32.0,-31.999999999999993,30.0
1988,662.0,32.0,-31.999999999999993,30.0
1989,663.0,32.0,-31.999999999999993,30.0
1990,663.0,32.0,-31.999999999999993,30.0
1991,663.0,34.0,-34.00000000000001,30.0
1992,664.0,32.0,-31.999999999999993,30.0
1993,664.0,32.0,-31.999999999999993,30.0
1994,664.0,32.0,-31.999999999999993,30.0
1995,665.0,34.0,-34.0,30.0
1996,665.0,32.0,-31.999999999999993,30.0
1997,665.0,32.0,-31.999999999999993,30.0
1998,666.0,32.0,-31.999999999999993,30.0
1999,666.0,32.0,-31.999999999999993,30.0
2000,666.0,32.0,-31.999999999999993,30.0
2001,667.0,32.0,-31.999999999999993,30.0
2002,667.0,32.0,-31.999999999999993,30.0
2003,667.0,32.0,-31.999999999999993,30.0
2004,668.0,32.0,-31.999999999999993,30.0
2005,668.0,33.0,-32.99999999999999,30.0
2006,668.0,32.0,-31.999999999999993,30.0
2007,669.0,32.0,-31.999999999999993,30.0
2008,669.0,32.0,-31.999999999999993,30.0
2009,669.0,32.0,-31.999999999999993,30.0
2010,670.0,32.0,-31.999999999999993,30.0
2011,670.0,32.0,-31.999999999999993,30.0
2012,670.0,32.0,-31.999999999999993,30.0
2013,671.0,32.0,-31.999999999999993,30.0
2014,671.0,32.0,-31.999999999999993,30.0
2015,671.0,32.0,-31.999999999999993,30.0
2016,672.0,38.0,-38.00000000000001,30.0
2017,672.0,32.0,-31.999999999999993,30.0
2018,672.0,32.0,-31.999999999999993,30.0
2019,673.0,32.0,-31.999999999999993,30.0
2020,673.0,36.0,-36.0,30.0
2021,673.0,37.0,-36.99999999999999,30.0
2022,674.0,32.0,-31.999999999999993,30.0
2023,674.0,32.0,-31.999999999999993,30.0
2024,674.0,35.0,-34.99999999999999,30.0
2025,675.0,32.0,-31.999999999999993,30.0
2026,675.0,32.0,-31.999999999999993,30.0
2027,675.0,32.0,-31.999999999999993,30.0
2028,676.0,32.0,-31.999999999999993,30.0
2029,676.0,42.0,-41.999999999999986,30.0
2030,676.0,36.0,-36.0,30.0
2031,677.0,32.0,-31.999999999999993,30.0
2032,677.0,34.0,-34.0,30.0
2033,677.0,32.0,-31.999999999999993,30.0
2034,678.0,32.0,-31.999999999999993,30.0
2035,678.0,32.0,-31.999999999999993,30.0
2036,678.0,32.0,-31.999999999999993,30.0
2037,679.0,32.0,-31.999999999999993,30.0
2038,679.0,32.0,-31.999999999999993,30.0
2039,679.0,32.0,-31.999999999999993,30.0
2040,680.0,32.0,-31.999999999999993,30.0
2041,680.0,32.0,-31.999999999999993,30.0
2042,680.0,35.0,-35.0,30.0
2043,681.0,32.0,-31.999999999999993,30.0
2044,681.0,32.0,-31.999999999999993,30.0
2045,681.0,32.0,-31.999999999999993,30.0
2046,682.0,32.0,-31.999999999999993,30.0
2047,682.0,32.0,-31.999999999999993,30.0
2048,682.0,32.0,-31.999999999999993,30.0
2049,683.0,32.0,-31.999999999999993,30.0
2050,683.0,32.0,-31.999999999999993,30.0
2051,683.0,32.0,-31.999999999999993,30.0
2052,684.0,38.0,-37.99999999999999,30.0
2053,684.0,32.0,-31.999999999999993,30.0
2054,684.0,32.0,-31.999999999999993,30.0
2055,685.0,32.0,-31.999999999999993,30.0
2056,685.0,32.0,-31.999999999999993,30.0
2057,685.0,32.0,-31.999999999999993,30.0
2058,686.0,32.0,-31.999999999999993,30.0
2059,686.0,32.0,-31.999999999999993,30.0
2060,686.0,32.0,-31.999999999999993,30.0
2061,687.0,32.0,-31.999999999999993,30.0
2062,687.0,32.0,-31.999999999999993,30.0
2063,687.0,37.0,-37.0,30.0
2064,688.0,32.0,-31.999999999999993,30.0
2065,688.0,35.0,-35.0,30.0
2066,688.0,32.0,-31.999999999999993,30.0
2067,689.0,32.0,-31.999999999999993,30.0
2068,689.0,39.0,-39.0,30.0
2069,689.0,32.0,-31.999999999999993,30.0
2070,690.0,32.0,-31.999999999999993,30.0
2071,690.0,37.0,-36.99999999999999,30.0
2072,690.0,32.0,-31.999999999999993,30.0
2073,691.0,32.0,-31.999999999999993,30.0
2074,691.0,32.0,-31.999999999999993,30.0
2075,691.0,32.0,-31.999999999999993,30.0
2076,692.0,32.0,-31.999999999999993,30.0
2077,692.0,32.0,-31.999999999999993,30.0
2078,692.0,32.0,-31.999999999999993,30.0
2079,693.0,32.0,-31.999999999999993,30.0
2080,693.0,32.0,-31.999999999999993,30.0
2081,693.0,32.0,-31.999999999999993,30.0
2082,694.0,33.0,-33.0,30.0
2083,694.0,35.0,-35.0,30.0
2084,694.0,32.0,-31.999999999999993,30.0
2085,695.0,32.0,-31.999999999999993,30.0
2086,695.0,32.0,-31.999999999999993,30.0
2087,695.0,32.0,-31.999999999999993,30.0
2088,696.0,32.0,-31.999999999999993,30.0
2089,696.0,37.0,-37.00000000000001,30.0
2090,696.0,32.0,-31.999999999999993,30.0
2091,697.0,32.0,-31.999999999999993,30.0
2092,697.0,32.0,-31.999999999999993,30.0
2093,697.0,34.0,-34.00000000000001,30.0
2094,698.0,32.0,-31.999999999999993,30.0
2095,698.0,32.0,-31.999999999999993,30.0
2096,698.0,32.0,-31.999999999999993,30.0
2097,699.0,32.0,-31.999999999999993,30.0
2098,699.0,32.0,-31.999999999999993,30.0
2099,699.0,34.0,-34.0,30.0
2100,700.0,40.0,-40.0,30.0
2101,700.0,32.0,-31.999999999999993,30.0
2102,700.0,32.0,-31.999999999999993,30.0
2103,701.0,34.0,-34.00000000000001,30.0
2104,701.0,32.0,-31.999999999999993,30.0
2105,701.0,39.0,-38.99999999999999,30.0
2106,702.0,32.0,-31.999999999999993,30.0
2107,702.0,36.0,-35.99999999999999,30.0
2108,702.0,32.0,-31.999999999999993,30.0
2109,703.0,33.0,-32.99999999999999,30.0
2110,703.0,32.0,-31.999999999999993,30.0
2111,703.0,32.0,-31.999999999999993,30.0
2112,704.0,32.0,-31.999999999999993,30.0
2113,704.0,32.0,-32.0,30.0
2114,704.0,32.0,-31.999999999999993,30.0
2115,705.0,32.0,-31.999999999999993,30.0
2116,705.0,32.0,-31.999999999999993,30.0
2117,705.0,34.0,-34.0,30.0
2118,706.0,32.0,-31.999999999999993,30.0
2119,706.0,36.0,-36.0,30.0
2120,706.0,32.0,-31.999999999999993,30.0
2121,707.0,32.0,-31.999999999999993,30.0
2122,707.0,32.0,-31.999999999999993,30.0
2123,707.0,32.0,-31.999999999999993,30.0
2124,708.0,32.0,-31.999999999999993,30.0
2125,708.0,37.0,-36.99999999999999,30.0
2126,708.0,32.0,-31.999999999999993,30.0
2127,709.0,32.0,-31.999999999999993,30.0
2128,709.0,32.0,-31.999999999999993,30.0
2129,709.0,32.0,-31.999999999999993,30.0
2130,710.0,32.0,-31.999999999999993,30.0
2131,710.0,32.0,-31.999999999999993,30.0
2132,710.0,37.0,-37.00000000000001,30.0
2133,711.0,32.0,-31.999999999999993,30.0
2134,711.0,32.0,-31.999999999999993,30.0
2135,711.0,32.0,-31.999999999999993,30.0
2136,712.0,32.0,-31.999999999999993,30.0
2137,712.0,34.0,-34.00000000000001,30.0
2138,712.0,38.0,-37.99999999999999,30.0
2139,713.0,32.0,-31.999999999999993,30.0
2140,713.0,32.0,-31.999999999999993,30.0
2141,713.0,32.0,-31.999999999999993,30.0
2142,714.0,32.0,-31.999999999999993,30.0
2143,714.0,32.0,-31.999999999999993,30.0
2144,714.0,32.0,-31.999999999999993,30.0
2145,715.0,38.0,-38.00000000000001,30.0
2146,715.0,32.0,-31.999999999999993,30.0
2147,715.0,32.0,-31.999999999999993,30.0
2148,716.0,32.0,-31.999999999999993,30.0
2149,716.0,32.0,-31.999999999999993,30.0
2150,716.0,34.0,-34.0,30.0
2151,717.0,32.0,-31.999999999999993,30.0
2152,717.0,32.0,-31.999999999999993,30.0
2153,717.0,32.0,-31.999999999999993,30.0
2154,718.0,32.0,-31.999999999999993,30.0
2155,718.0,32.0,-31.999999999999993,30.0
2156,718.0,32.0,-31.999999999999993,30.0
2157,719.0,32.0,-31.999999999999993,30.0
2158,719.0,32.0,-31.999999999999993,30.0
2159,719.0,32.0,-31.999999999999993,30.0
2160,720.0,32.0,-31.999999999999993,30.0
2161,720.0,32.0,-31.999999999999993,30.0
2162,720.0,32.0,-31.999999999999993,30.0
2163,721.0,35.0,-34.99999999999999,30.0
2164,721.0,33.0,-32.99999999999999,30.0
2165,721.0,33.0,-33.0,30.0
2166,722.0,32.0,-31.999999999999993,30.0
2167,722.0,32.0,-31.999999999999993,30.0
2168,722.0,34.0,-34.0,30.0
2169,723.0,32.0,-31.999999999999993,30.0
2170,723.0,32.0,-31.999999999999993,30.0
2171,723.0,33.0,-32.99999999999999,30.0
2172,724.0,32.0,-31.999999999999993,30.0
2173,724.0,33.0,-32.99999999999999,30.0
2174,724.0,32.0,-31.999999999999993,30.0
2175,725.0,32.0,-31.999999999999993,30.0
2176,725.0,32.0,-31.999999999999993,30.0
2177,725.0,32.0,-31.999999999999993,30.0
2178,726.0,34.0,-34.00000000000001,30.0
2179,726.0,32.0,-31.999999999999993,30.0
2180,726.0,32.0,-31.999999999999993,30.0
2181,727.0,32.0,-31.999999999999993,30.0
2182,727.0,34.0,-33.99999999999999,30.0
2183,727.0,32.0,-31.999999999999993,30.0
2184,728.0,32.0,-31.999999999999993,30.0
2185,728.0,32.0,-31.999999999999993,30.0
2186,728.0,32.0,-31.999999999999993,30.0
2187,729.0,32.0,-31.999999999999993,30.0
2188,729.0,32.0,-31.999999999999993,30.0
2189,729.0,34.0,-34.0,30.0
2190,730.0,37.0,-36.99999999999999,30.0
2191,730.0,32.0,-31.999999999999993,30.0
2192,730.0,32.0,-31.999999999999993,30.0
2193,731.0,32.0,-31.999999999999993,30.0
2194,731.0,32.0,-31.999999999999993,30.0
2195,731.0,32.0,-31.999999999999993,30.0
2196,732.0,32.0,-31.999999999999993,30.0
2197,732.0,32.0,-31.999999999999993,30.0
2198,732.0,32.0,-31.999999999999993,30.0
2199,733.0,32.0,-31.999999999999993,30.0
2200,733.0,33.0,-32.99999999999999,30.0
2201,733.0,32.0,-31.999999999999993,30.0
2202,734.0,32.0,-31.999999999999993,30.0
2203,734.0,32.0,-31.999999999999993,30.0
2204,734.0,32.0,-31.999999999999993,30.0
2205,735.0,32.0,-31.999999999999993,30.0
2206,735.0,32.0,-31.999999999999993,30.0
2207,735.0,32.0,-31.999999999999993,30.0
2208,736.0,32.0,-31.999999999999993,30.0
2209,736.0,32.0,-31.999999999999993,30.0
2210,736.0,32.0,-31.999999999999993,30.0
2211,737.0,32.0,-31.999999999999993,30.0
2212,737.0,32.0,-31.999999999999993,30.0
2213,737.0,32.0,-31.999999999999993,30.0
2214,738.0,35.0,-35.0,30.0
2215,738.0,32.0,-31.999999999999993,30.0
2216,738.0,36.0,-36.0,30.0
2217,739.0,32.0,-31.999999999999993,30.0
2218,739.0,32.0,-31.999999999999993,30.0
2219,739.0,32.0,-31.999999999999993,30.0
2220,740.0,32.0,-31.999999999999993,30.0
2221,740.0,32.0,-31.999999999999993,30.0
2222,740.0,32.0,-31.999999999999993,30.0
2223,741.0,32.0,-31.999999999999993,30.0
2224,741.0,32.0,-31.999999999999993,30.0
2225,741.0,32.0,-31.999999999999993,30.0
2226,742.0,32.0,-31.999999999999993,30.0
2227,742.0,32.0,-31.999999999999993,30.0
2228,742.0,32.0,-31.999999999999993,30.0
2229,743.0,32.0,-31.999999999999993,30.0
2230,743.0,32.0,-31.999999999999993,30.0
2231,743.0,32.0,-31.999999999999993,30.0
2232,744.0,32.0,-31.999999999999993,30.0
2233,744.0,32.0,-31.999999999999993,30.0
2234,744.0,32.0,-31.999999999999993,30.0
2235,745.0,32.0,-31.999999999999993,30.0
2236,745.0,32.0,-31.999999999999993,30.0
2237,745.0,32.0,-31.999999999999993,30.0
2238,746.0,32.0,-31.999999999999993,30.0
2239,746.0,32.0,-31.999999999999993,30.0
2240,746.0,32.0,-31.999999999999993,30.0
2241,747.0,32.0,-31.999999999999993,30.0
2242,747.0,32.0,-31.999999999999993,30.0
2243,747.0,32.0,-31.999999999999993,30.0
2244,748.0,32.0,-31.999999999999993,30.0
2245,748.0,32.0,-31.999999999999993,30.0
2246,748.0,32.0,-31.999999999999993,30.0
