,episode,make_span,reward,min
0,0.0,543.0,-285.78947368421046,543.0
1,1.0,523.0,-275.26315789473676,523.0
2,2.0,523.0,-275.2631578947368,523.0
3,3.0,523.0,-275.2631578947367,523.0
4,4.0,652.0,-343.1578947368421,523.0
5,5.0,538.0,-283.1578947368421,523.0
6,6.0,523.0,-275.2631578947368,523.0
7,7.0,525.0,-276.31578947368433,523.0
8,8.0,523.0,-275.2631578947368,523.0
9,9.0,523.0,-275.2631578947367,523.0
10,10.0,532.0,-279.99999999999994,523.0
11,11.0,543.0,-285.78947368421046,523.0
12,12.0,541.0,-284.7368421052631,523.0
13,13.0,553.0,-291.0526315789473,523.0
14,14.0,550.0,-289.47368421052613,523.0
15,15.0,523.0,-275.2631578947369,523.0
16,16.0,568.0,-298.9473684210527,523.0
17,17.0,594.0,-312.63157894736827,523.0
18,18.0,547.0,-287.8947368421052,523.0
19,19.0,567.0,-298.42105263157873,523.0
20,20.0,523.0,-275.26315789473676,523.0
21,21.0,557.0,-293.157894736842,523.0
22,22.0,537.0,-282.6315789473685,523.0
23,23.0,555.0,-292.1052631578947,523.0
24,24.0,547.0,-287.8947368421052,523.0
25,25.0,575.0,-302.6315789473684,523.0
26,26.0,533.0,-280.5263157894736,523.0
27,27.0,537.0,-282.6315789473684,523.0
28,28.0,523.0,-275.26315789473665,523.0
29,29.0,585.0,-307.8947368421051,523.0
30,30.0,523.0,-275.2631578947368,523.0
31,31.0,529.0,-278.42105263157896,523.0
32,32.0,528.0,-277.89473684210515,523.0
33,33.0,523.0,-275.26315789473676,523.0
34,34.0,529.0,-278.4210526315789,523.0
35,35.0,523.0,-275.2631578947368,523.0
36,36.0,560.0,-294.73684210526295,523.0
37,37.0,529.0,-278.42105263157896,523.0
38,38.0,529.0,-278.42105263157896,523.0
39,39.0,523.0,-275.2631578947367,523.0
40,40.0,523.0,-275.26315789473676,523.0
41,41.0,523.0,-275.2631578947368,523.0
42,42.0,542.0,-285.2631578947368,523.0
43,43.0,556.0,-292.63157894736844,523.0
44,44.0,523.0,-275.26315789473665,523.0
45,45.0,523.0,-275.2631578947367,523.0
46,46.0,538.0,-283.15789473684185,523.0
47,47.0,529.0,-278.4210526315791,523.0
48,48.0,529.0,-278.4210526315789,523.0
49,49.0,543.0,-285.7894736842107,523.0
50,50.0,550.0,-289.4736842105263,523.0
51,51.0,573.0,-301.57894736842104,523.0
52,52.0,532.0,-279.9999999999999,523.0
53,53.0,566.0,-297.8947368421054,523.0
54,54.0,536.0,-282.1052631578946,523.0
55,55.0,552.0,-290.5263157894737,523.0
56,56.0,523.0,-275.26315789473676,523.0
57,57.0,523.0,-275.2631578947369,523.0
58,58.0,523.0,-275.2631578947368,523.0
59,59.0,532.0,-279.99999999999983,523.0
60,60.0,529.0,-278.4210526315788,523.0
61,61.0,523.0,-275.26315789473676,523.0
62,62.0,523.0,-275.26315789473676,523.0
63,63.0,524.0,-275.78947368421035,523.0
64,64.0,523.0,-275.2631578947368,523.0
65,65.0,538.0,-283.1578947368422,523.0
66,66.0,523.0,-275.26315789473665,523.0
67,67.0,523.0,-275.2631578947367,523.0
68,68.0,523.0,-275.2631578947368,523.0
69,69.0,523.0,-275.2631578947369,523.0
70,70.0,523.0,-275.2631578947367,523.0
71,71.0,529.0,-278.421052631579,523.0
72,72.0,523.0,-275.26315789473665,523.0
73,73.0,523.0,-275.2631578947367,523.0
74,74.0,523.0,-275.2631578947368,523.0
75,75.0,523.0,-275.26315789473676,523.0
76,76.0,523.0,-275.2631578947366,523.0
77,77.0,523.0,-275.26315789473665,523.0
78,78.0,523.0,-275.2631578947367,523.0
79,79.0,523.0,-275.2631578947367,523.0
80,80.0,523.0,-275.2631578947367,523.0
81,81.0,523.0,-275.2631578947369,523.0
82,82.0,523.0,-275.2631578947367,523.0
83,83.0,523.0,-275.26315789473693,523.0
84,84.0,523.0,-275.2631578947367,523.0
85,85.0,523.0,-275.26315789473676,523.0
86,86.0,523.0,-275.26315789473676,523.0
87,87.0,538.0,-283.1578947368421,523.0
88,88.0,523.0,-275.2631578947368,523.0
89,89.0,524.0,-275.7894736842105,523.0
90,90.0,523.0,-275.26315789473676,523.0
91,91.0,523.0,-275.2631578947367,523.0
92,92.0,523.0,-275.2631578947368,523.0
93,93.0,534.0,-281.0526315789472,523.0
94,94.0,523.0,-275.26315789473676,523.0
95,95.0,523.0,-275.2631578947368,523.0
96,96.0,524.0,-275.78947368421046,523.0
97,97.0,523.0,-275.2631578947367,523.0
98,98.0,523.0,-275.26315789473676,523.0
99,99.0,523.0,-275.2631578947369,523.0
100,100.0,524.0,-275.7894736842106,523.0
101,101.0,523.0,-275.2631578947368,523.0
102,102.0,523.0,-275.26315789473665,523.0
103,103.0,523.0,-275.26315789473676,523.0
104,104.0,523.0,-275.26315789473676,523.0
105,105.0,525.0,-276.3157894736842,523.0
106,106.0,524.0,-275.78947368421046,523.0
107,107.0,523.0,-275.2631578947369,523.0
108,108.0,523.0,-275.2631578947367,523.0
109,109.0,523.0,-275.2631578947369,523.0
110,110.0,523.0,-275.26315789473676,523.0
111,111.0,523.0,-275.2631578947368,523.0
112,112.0,523.0,-275.26315789473676,523.0
113,113.0,523.0,-275.26315789473676,523.0
114,114.0,523.0,-275.2631578947368,523.0
115,115.0,523.0,-275.2631578947368,523.0
116,116.0,527.0,-277.36842105263156,523.0
117,117.0,523.0,-275.2631578947367,523.0
118,118.0,525.0,-276.3157894736841,523.0
119,119.0,523.0,-275.2631578947368,523.0
120,120.0,523.0,-275.2631578947367,523.0
121,121.0,523.0,-275.2631578947368,523.0
122,122.0,523.0,-275.2631578947369,523.0
123,123.0,523.0,-275.2631578947367,523.0
124,124.0,525.0,-276.3157894736842,523.0
125,125.0,523.0,-275.2631578947368,523.0
126,126.0,523.0,-275.26315789473665,523.0
127,127.0,523.0,-275.26315789473676,523.0
128,128.0,523.0,-275.2631578947367,523.0
129,129.0,528.0,-277.8947368421051,523.0
130,130.0,523.0,-275.2631578947368,523.0
131,131.0,523.0,-275.26315789473665,523.0
132,132.0,528.0,-277.8947368421053,523.0
133,133.0,523.0,-275.2631578947368,523.0
134,134.0,528.0,-277.89473684210526,523.0
135,135.0,523.0,-275.26315789473676,523.0
136,136.0,528.0,-277.89473684210526,523.0
137,137.0,523.0,-275.2631578947367,523.0
138,138.0,541.0,-284.73684210526295,523.0
139,139.0,523.0,-275.26315789473676,523.0
140,140.0,523.0,-275.2631578947368,523.0
141,141.0,523.0,-275.26315789473676,523.0
142,142.0,531.0,-279.47368421052636,523.0
143,143.0,523.0,-275.26315789473676,523.0
144,144.0,525.0,-276.3157894736842,523.0
145,145.0,528.0,-277.89473684210515,523.0
146,146.0,523.0,-275.26315789473676,523.0
147,147.0,523.0,-275.2631578947367,523.0
148,148.0,523.0,-275.2631578947367,523.0
149,149.0,523.0,-275.2631578947367,523.0
150,150.0,523.0,-275.2631578947367,523.0
151,151.0,523.0,-275.26315789473676,523.0
152,152.0,528.0,-277.89473684210526,523.0
153,153.0,523.0,-275.26315789473676,523.0
154,154.0,541.0,-284.7368421052631,523.0
155,155.0,523.0,-275.2631578947368,523.0
156,156.0,523.0,-275.2631578947369,523.0
157,157.0,523.0,-275.2631578947367,523.0
158,158.0,523.0,-275.26315789473676,523.0
159,159.0,524.0,-275.78947368421046,523.0
160,160.0,536.0,-282.10526315789474,523.0
161,161.0,523.0,-275.26315789473676,523.0
162,162.0,524.0,-275.78947368421035,523.0
163,163.0,531.0,-279.47368421052636,523.0
164,164.0,541.0,-284.73684210526307,523.0
165,165.0,541.0,-284.73684210526295,523.0
166,166.0,534.0,-281.05263157894734,523.0
167,167.0,523.0,-275.2631578947368,523.0
168,168.0,534.0,-281.0526315789472,523.0
169,169.0,523.0,-275.2631578947368,523.0
170,170.0,541.0,-284.73684210526295,523.0
171,171.0,541.0,-284.7368421052632,523.0
172,172.0,523.0,-275.2631578947367,523.0
173,173.0,523.0,-275.2631578947367,523.0
174,174.0,523.0,-275.26315789473676,523.0
175,175.0,531.0,-279.47368421052636,523.0
176,176.0,531.0,-279.4736842105262,523.0
177,177.0,523.0,-275.26315789473676,523.0
178,178.0,523.0,-275.26315789473665,523.0
179,179.0,523.0,-275.2631578947366,523.0
180,180.0,523.0,-275.26315789473665,523.0
181,181.0,524.0,-275.7894736842105,523.0
182,182.0,541.0,-284.7368421052631,523.0
183,183.0,541.0,-284.73684210526295,523.0
184,184.0,534.0,-281.05263157894734,523.0
185,185.0,523.0,-275.26315789473665,523.0
186,186.0,541.0,-284.7368421052631,523.0
187,187.0,534.0,-281.0526315789472,523.0
188,188.0,524.0,-275.78947368421046,523.0
189,189.0,524.0,-275.78947368421046,523.0
190,190.0,523.0,-275.2631578947368,523.0
191,191.0,541.0,-284.7368421052631,523.0
192,192.0,541.0,-284.73684210526324,523.0
193,193.0,541.0,-284.73684210526307,523.0
194,194.0,531.0,-279.4736842105263,523.0
195,195.0,523.0,-275.2631578947368,523.0
196,196.0,523.0,-275.2631578947368,523.0
197,197.0,541.0,-284.736842105263,523.0
198,198.0,534.0,-281.0526315789474,523.0
199,199.0,541.0,-284.736842105263,523.0
200,200.0,523.0,-275.26315789473665,523.0
201,201.0,541.0,-284.73684210526307,523.0
202,202.0,523.0,-275.26315789473676,523.0
203,203.0,541.0,-284.736842105263,523.0
204,204.0,541.0,-284.7368421052631,523.0
205,205.0,541.0,-284.7368421052631,523.0
206,206.0,541.0,-284.736842105263,523.0
207,207.0,523.0,-275.26315789473676,523.0
208,208.0,523.0,-275.26315789473676,523.0
209,209.0,534.0,-281.05263157894734,523.0
210,210.0,523.0,-275.2631578947367,523.0
211,211.0,523.0,-275.26315789473676,523.0
212,212.0,529.0,-278.4210526315791,523.0
213,213.0,541.0,-284.73684210526324,523.0
214,214.0,529.0,-278.4210526315789,523.0
215,215.0,531.0,-279.47368421052624,523.0
216,216.0,524.0,-275.7894736842107,523.0
217,217.0,523.0,-275.2631578947367,523.0
218,218.0,523.0,-275.2631578947366,523.0
219,219.0,523.0,-275.26315789473676,523.0
220,220.0,541.0,-284.73684210526295,523.0
221,221.0,523.0,-275.2631578947368,523.0
222,222.0,531.0,-279.4736842105261,523.0
223,223.0,541.0,-284.73684210526324,523.0
224,224.0,529.0,-278.42105263157896,523.0
225,225.0,541.0,-284.736842105263,523.0
226,226.0,541.0,-284.736842105263,523.0
227,227.0,541.0,-284.7368421052629,523.0
228,228.0,529.0,-278.4210526315789,523.0
229,229.0,523.0,-275.26315789473665,523.0
230,230.0,523.0,-275.26315789473676,523.0
231,231.0,523.0,-275.2631578947367,523.0
232,232.0,525.0,-276.3157894736842,523.0
233,233.0,523.0,-275.2631578947369,523.0
234,234.0,523.0,-275.26315789473665,523.0
235,235.0,523.0,-275.2631578947368,523.0
236,236.0,523.0,-275.26315789473676,523.0
237,237.0,524.0,-275.78947368421035,523.0
238,238.0,538.0,-283.15789473684225,523.0
239,239.0,528.0,-277.89473684210515,523.0
240,240.0,541.0,-284.736842105263,523.0
241,241.0,523.0,-275.2631578947367,523.0
242,242.0,523.0,-275.2631578947367,523.0
243,243.0,523.0,-275.2631578947368,523.0
244,244.0,523.0,-275.26315789473676,523.0
245,245.0,523.0,-275.2631578947368,523.0
246,246.0,545.0,-286.842105263158,523.0
247,247.0,541.0,-284.736842105263,523.0
248,248.0,523.0,-275.26315789473676,523.0
249,249.0,541.0,-284.7368421052631,523.0
250,250.0,523.0,-275.26315789473676,523.0
251,251.0,523.0,-275.2631578947369,523.0
252,252.0,523.0,-275.26315789473676,523.0
253,253.0,541.0,-284.73684210526307,523.0
254,254.0,523.0,-275.26315789473676,523.0
255,255.0,523.0,-275.2631578947367,523.0
256,256.0,523.0,-275.2631578947369,523.0
257,257.0,528.0,-277.8947368421052,523.0
258,258.0,523.0,-275.2631578947369,523.0
259,259.0,523.0,-275.26315789473665,523.0
260,260.0,533.0,-280.5263157894737,523.0
261,261.0,523.0,-275.2631578947368,523.0
262,262.0,538.0,-283.1578947368422,523.0
263,263.0,523.0,-275.26315789473676,523.0
264,264.0,554.0,-291.578947368421,523.0
265,265.0,542.0,-285.2631578947369,523.0
266,266.0,551.0,-289.9999999999999,523.0
267,267.0,563.0,-296.31578947368405,523.0
268,268.0,545.0,-286.84210526315786,523.0
269,269.0,527.0,-277.3684210526316,523.0
270,270.0,523.0,-275.26315789473676,523.0
271,271.0,577.0,-303.6842105263158,523.0
272,272.0,528.0,-277.89473684210526,523.0
273,273.0,536.0,-282.10526315789474,523.0
274,274.0,525.0,-276.3157894736842,523.0
275,275.0,523.0,-275.2631578947369,523.0
276,276.0,527.0,-277.3684210526315,523.0
277,277.0,528.0,-277.8947368421053,523.0
278,278.0,529.0,-278.4210526315789,523.0
279,279.0,538.0,-283.157894736842,523.0
280,280.0,538.0,-283.1578947368421,523.0
281,281.0,550.0,-289.4736842105263,523.0
282,282.0,538.0,-283.1578947368421,523.0
283,283.0,556.0,-292.63157894736827,523.0
284,284.0,531.0,-279.47368421052636,523.0
285,285.0,556.0,-292.63157894736855,523.0
286,286.0,547.0,-287.89473684210526,523.0
287,287.0,528.0,-277.8947368421053,523.0
288,288.0,533.0,-280.52631578947364,523.0
289,289.0,524.0,-275.7894736842104,523.0
290,290.0,525.0,-276.31578947368416,523.0
291,291.0,524.0,-275.78947368421063,523.0
292,292.0,524.0,-275.7894736842105,523.0
293,293.0,524.0,-275.7894736842107,523.0
294,294.0,524.0,-275.78947368421035,523.0
295,295.0,523.0,-275.26315789473676,523.0
296,296.0,523.0,-275.2631578947368,523.0
297,297.0,523.0,-275.26315789473676,523.0
298,298.0,537.0,-282.63157894736844,523.0
299,299.0,533.0,-280.52631578947364,523.0
300,300.0,524.0,-275.7894736842106,523.0
301,301.0,537.0,-282.6315789473684,523.0
302,302.0,523.0,-275.26315789473693,523.0
303,303.0,523.0,-275.2631578947369,523.0
304,304.0,554.0,-291.57894736842115,523.0
305,305.0,538.0,-283.1578947368419,523.0
306,306.0,523.0,-275.2631578947367,523.0
307,307.0,529.0,-278.421052631579,523.0
308,308.0,547.0,-287.8947368421052,523.0
309,309.0,525.0,-276.3157894736843,523.0
310,310.0,556.0,-292.6315789473684,523.0
311,311.0,524.0,-275.7894736842104,523.0
312,312.0,547.0,-287.89473684210526,523.0
313,313.0,538.0,-283.15789473684214,523.0
314,314.0,547.0,-287.8947368421053,523.0
315,315.0,541.0,-284.73684210526307,523.0
316,316.0,541.0,-284.73684210526307,523.0
317,317.0,541.0,-284.73684210526307,523.0
318,318.0,528.0,-277.8947368421053,523.0
319,319.0,523.0,-275.2631578947368,523.0
320,320.0,523.0,-275.2631578947369,523.0
321,321.0,523.0,-275.2631578947368,523.0
322,322.0,545.0,-286.84210526315775,523.0
323,323.0,529.0,-278.4210526315789,523.0
324,324.0,541.0,-284.7368421052632,523.0
325,325.0,531.0,-279.47368421052624,523.0
326,326.0,523.0,-275.26315789473676,523.0
327,327.0,528.0,-277.89473684210515,523.0
328,328.0,523.0,-275.26315789473665,523.0
329,329.0,533.0,-280.5263157894738,523.0
330,330.0,541.0,-284.73684210526307,523.0
331,331.0,534.0,-281.05263157894734,523.0
332,332.0,538.0,-283.15789473684225,523.0
333,333.0,529.0,-278.42105263157896,523.0
334,334.0,533.0,-280.52631578947353,523.0
335,335.0,538.0,-283.157894736842,523.0
336,336.0,529.0,-278.42105263157885,523.0
337,337.0,529.0,-278.4210526315791,523.0
338,338.0,541.0,-284.73684210526335,523.0
339,339.0,523.0,-275.2631578947368,523.0
340,340.0,523.0,-275.26315789473676,523.0
341,341.0,541.0,-284.7368421052631,523.0
342,342.0,547.0,-287.8947368421052,523.0
343,343.0,531.0,-279.4736842105263,523.0
344,344.0,523.0,-275.2631578947367,523.0
345,345.0,529.0,-278.4210526315788,523.0
346,346.0,523.0,-275.2631578947368,523.0
347,347.0,528.0,-277.8947368421051,523.0
348,348.0,528.0,-277.89473684210526,523.0
349,349.0,528.0,-277.8947368421053,523.0
350,350.0,538.0,-283.1578947368421,523.0
351,351.0,541.0,-284.7368421052631,523.0
352,352.0,534.0,-281.0526315789473,523.0
353,353.0,529.0,-278.4210526315789,523.0
354,354.0,529.0,-278.42105263157885,523.0
355,355.0,538.0,-283.1578947368422,523.0
356,356.0,529.0,-278.4210526315789,523.0
357,357.0,529.0,-278.4210526315789,523.0
358,358.0,529.0,-278.42105263157896,523.0
359,359.0,529.0,-278.42105263157873,523.0
360,360.0,524.0,-275.78947368421035,523.0
361,361.0,538.0,-283.1578947368421,523.0
362,362.0,524.0,-275.7894736842106,523.0
363,363.0,533.0,-280.52631578947364,523.0
364,364.0,524.0,-275.78947368421046,523.0
365,365.0,538.0,-283.157894736842,523.0
366,366.0,523.0,-275.2631578947368,523.0
367,367.0,523.0,-275.26315789473665,523.0
368,368.0,538.0,-283.15789473684214,523.0
369,369.0,547.0,-287.8947368421051,523.0
370,370.0,529.0,-278.421052631579,523.0
371,371.0,523.0,-275.26315789473676,523.0
372,372.0,524.0,-275.7894736842104,523.0
373,373.0,524.0,-275.78947368421046,523.0
374,374.0,523.0,-275.2631578947368,523.0
375,375.0,523.0,-275.2631578947368,523.0
376,376.0,523.0,-275.26315789473676,523.0
377,377.0,524.0,-275.78947368421046,523.0
378,378.0,524.0,-275.78947368421075,523.0
379,379.0,538.0,-283.1578947368422,523.0
380,380.0,536.0,-282.1052631578946,523.0
381,381.0,538.0,-283.15789473684197,523.0
382,382.0,538.0,-283.15789473684225,523.0
383,383.0,533.0,-280.5263157894737,523.0
384,384.0,523.0,-275.2631578947369,523.0
385,385.0,531.0,-279.4736842105264,523.0
386,386.0,523.0,-275.2631578947368,523.0
387,387.0,547.0,-287.8947368421054,523.0
388,388.0,541.0,-284.73684210526324,523.0
389,389.0,523.0,-275.2631578947368,523.0
390,390.0,533.0,-280.5263157894735,523.0
391,391.0,523.0,-275.2631578947366,523.0
392,392.0,533.0,-280.5263157894735,523.0
393,393.0,547.0,-287.8947368421051,523.0
394,394.0,531.0,-279.4736842105264,523.0
395,395.0,523.0,-275.26315789473676,523.0
396,396.0,523.0,-275.2631578947369,523.0
397,397.0,523.0,-275.2631578947366,523.0
398,398.0,523.0,-275.26315789473676,523.0
399,399.0,541.0,-284.736842105263,523.0
400,400.0,534.0,-281.0526315789474,523.0
401,401.0,523.0,-275.26315789473676,523.0
402,402.0,523.0,-275.2631578947367,523.0
403,403.0,529.0,-278.42105263157885,523.0
404,404.0,529.0,-278.42105263157885,523.0
405,405.0,529.0,-278.4210526315789,523.0
406,406.0,547.0,-287.89473684210515,523.0
407,407.0,541.0,-284.73684210526295,523.0
408,408.0,533.0,-280.5263157894737,523.0
409,409.0,541.0,-284.7368421052631,523.0
410,410.0,524.0,-275.78947368421046,523.0
411,411.0,523.0,-275.2631578947369,523.0
412,412.0,531.0,-279.4736842105263,523.0
413,413.0,547.0,-287.8947368421052,523.0
414,414.0,523.0,-275.2631578947369,523.0
415,415.0,541.0,-284.73684210526295,523.0
416,416.0,529.0,-278.4210526315788,523.0
417,417.0,524.0,-275.7894736842105,523.0
418,418.0,523.0,-275.2631578947368,523.0
419,419.0,529.0,-278.421052631579,523.0
420,420.0,528.0,-277.8947368421053,523.0
421,421.0,541.0,-284.7368421052631,523.0
422,422.0,523.0,-275.2631578947369,523.0
423,423.0,541.0,-284.73684210526307,523.0
424,424.0,524.0,-275.7894736842106,523.0
425,425.0,523.0,-275.2631578947368,523.0
426,426.0,528.0,-277.8947368421053,523.0
427,427.0,538.0,-283.15789473684197,523.0
428,428.0,561.0,-295.2631578947368,523.0
429,429.0,531.0,-279.47368421052636,523.0
430,430.0,529.0,-278.42105263157885,523.0
431,431.0,530.0,-278.9473684210526,523.0
432,432.0,545.0,-286.8421052631579,523.0
433,433.0,541.0,-284.736842105263,523.0
434,434.0,545.0,-286.84210526315815,523.0
435,435.0,523.0,-275.2631578947368,523.0
436,436.0,523.0,-275.2631578947368,523.0
437,437.0,529.0,-278.42105263157896,523.0
438,438.0,523.0,-275.2631578947368,523.0
439,439.0,531.0,-279.47368421052624,523.0
440,440.0,547.0,-287.8947368421053,523.0
441,441.0,531.0,-279.4736842105262,523.0
442,442.0,534.0,-281.0526315789474,523.0
443,443.0,533.0,-280.5263157894737,523.0
444,444.0,541.0,-284.73684210526307,523.0
445,445.0,541.0,-284.73684210526307,523.0
446,446.0,523.0,-275.2631578947367,523.0
447,447.0,547.0,-287.89473684210526,523.0
448,448.0,523.0,-275.2631578947366,523.0
449,449.0,528.0,-277.89473684210515,523.0
450,450.0,533.0,-280.52631578947353,523.0
451,451.0,524.0,-275.7894736842105,523.0
452,452.0,537.0,-282.6315789473685,523.0
453,453.0,534.0,-281.05263157894734,523.0
454,454.0,524.0,-275.7894736842106,523.0
455,455.0,533.0,-280.52631578947353,523.0
456,456.0,525.0,-276.3157894736842,523.0
457,457.0,523.0,-275.2631578947368,523.0
458,458.0,533.0,-280.5263157894736,523.0
459,459.0,533.0,-280.5263157894735,523.0
460,460.0,561.0,-295.2631578947367,523.0
461,461.0,547.0,-287.8947368421052,523.0
462,462.0,533.0,-280.52631578947364,523.0
463,463.0,533.0,-280.52631578947364,523.0
464,464.0,533.0,-280.52631578947353,523.0
465,465.0,529.0,-278.421052631579,523.0
466,466.0,538.0,-283.157894736842,523.0
467,467.0,523.0,-275.26315789473693,523.0
468,468.0,541.0,-284.73684210526324,523.0
469,469.0,534.0,-281.0526315789472,523.0
470,470.0,529.0,-278.42105263157896,523.0
471,471.0,529.0,-278.42105263157885,523.0
472,472.0,523.0,-275.2631578947367,523.0
473,473.0,541.0,-284.73684210526307,523.0
474,474.0,528.0,-277.8947368421052,523.0
475,475.0,529.0,-278.42105263157885,523.0
476,476.0,529.0,-278.4210526315789,523.0
477,477.0,529.0,-278.4210526315789,523.0
478,478.0,529.0,-278.42105263157896,523.0
479,479.0,529.0,-278.421052631579,523.0
480,480.0,529.0,-278.42105263157896,523.0
481,481.0,529.0,-278.4210526315789,523.0
482,482.0,529.0,-278.4210526315789,523.0
483,483.0,541.0,-284.7368421052632,523.0
484,484.0,541.0,-284.73684210526324,523.0
485,485.0,524.0,-275.78947368421046,523.0
486,486.0,541.0,-284.7368421052632,523.0
487,487.0,523.0,-275.2631578947369,523.0
488,488.0,541.0,-284.73684210526324,523.0
489,489.0,538.0,-283.15789473684225,523.0
490,490.0,529.0,-278.42105263157896,523.0
491,491.0,529.0,-278.421052631579,523.0
492,492.0,529.0,-278.4210526315789,523.0
493,493.0,534.0,-281.05263157894746,523.0
494,494.0,541.0,-284.73684210526324,523.0
495,495.0,525.0,-276.3157894736843,523.0
496,496.0,529.0,-278.4210526315789,523.0
497,497.0,529.0,-278.4210526315789,523.0
498,498.0,541.0,-284.736842105263,523.0
499,499.0,523.0,-275.26315789473676,523.0
500,500.0,541.0,-284.736842105263,523.0
501,501.0,529.0,-278.42105263157896,523.0
502,502.0,523.0,-275.26315789473676,523.0
503,503.0,537.0,-282.63157894736815,523.0
504,504.0,529.0,-278.421052631579,523.0
505,505.0,529.0,-278.42105263157896,523.0
506,506.0,531.0,-279.4736842105265,523.0
507,507.0,541.0,-284.7368421052631,523.0
508,508.0,541.0,-284.736842105263,523.0
509,509.0,541.0,-284.7368421052631,523.0
510,510.0,541.0,-284.73684210526307,523.0
511,511.0,523.0,-275.2631578947368,523.0
512,512.0,541.0,-284.7368421052631,523.0
513,513.0,541.0,-284.7368421052632,523.0
514,514.0,541.0,-284.7368421052631,523.0
515,515.0,541.0,-284.7368421052631,523.0
516,516.0,523.0,-275.2631578947367,523.0
517,517.0,523.0,-275.2631578947368,523.0
518,518.0,525.0,-276.315789473684,523.0
519,519.0,523.0,-275.26315789473676,523.0
520,520.0,525.0,-276.3157894736841,523.0
521,521.0,529.0,-278.42105263157885,523.0
522,522.0,523.0,-275.2631578947367,523.0
523,523.0,538.0,-283.157894736842,523.0
524,524.0,538.0,-283.157894736842,523.0
525,525.0,523.0,-275.26315789473676,523.0
526,526.0,538.0,-283.157894736842,523.0
527,527.0,541.0,-284.7368421052631,523.0
528,528.0,523.0,-275.2631578947367,523.0
529,529.0,523.0,-275.2631578947367,523.0
530,530.0,523.0,-275.2631578947367,523.0
531,531.0,541.0,-284.736842105263,523.0
532,532.0,529.0,-278.42105263157885,523.0
533,533.0,523.0,-275.2631578947367,523.0
534,534.0,523.0,-275.2631578947367,523.0
535,535.0,541.0,-284.7368421052631,523.0
536,536.0,523.0,-275.2631578947367,523.0
537,537.0,523.0,-275.2631578947367,523.0
538,538.0,538.0,-283.1578947368419,523.0
539,539.0,538.0,-283.1578947368419,523.0
540,540.0,538.0,-283.1578947368419,523.0
541,541.0,523.0,-275.2631578947367,523.0
542,542.0,541.0,-284.73684210526307,523.0
543,543.0,523.0,-275.26315789473676,523.0
544,544.0,523.0,-275.2631578947367,523.0
545,545.0,538.0,-283.157894736842,523.0
546,546.0,550.0,-289.47368421052624,523.0
547,547.0,528.0,-277.89473684210515,523.0
548,548.0,523.0,-275.2631578947367,523.0
549,549.0,523.0,-275.26315789473676,523.0
550,550.0,541.0,-284.736842105263,523.0
551,551.0,541.0,-284.73684210526307,523.0
552,552.0,541.0,-284.73684210526295,523.0
553,553.0,523.0,-275.2631578947368,523.0
554,554.0,541.0,-284.736842105263,523.0
555,555.0,523.0,-275.26315789473665,523.0
556,556.0,541.0,-284.736842105263,523.0
557,557.0,541.0,-284.73684210526307,523.0
558,558.0,523.0,-275.2631578947367,523.0
559,559.0,523.0,-275.2631578947367,523.0
560,560.0,541.0,-284.736842105263,523.0
561,561.0,541.0,-284.736842105263,523.0
562,562.0,529.0,-278.4210526315788,523.0
563,563.0,523.0,-275.2631578947367,523.0
564,564.0,541.0,-284.73684210526307,523.0
565,565.0,523.0,-275.2631578947368,523.0
566,566.0,523.0,-275.2631578947368,523.0
567,567.0,541.0,-284.7368421052632,523.0
568,568.0,541.0,-284.736842105263,523.0
569,569.0,529.0,-278.4210526315789,523.0
570,570.0,529.0,-278.4210526315789,523.0
571,571.0,529.0,-278.42105263157885,523.0
572,572.0,525.0,-276.31578947368416,523.0
573,573.0,523.0,-275.2631578947367,523.0
574,574.0,523.0,-275.2631578947367,523.0
575,575.0,523.0,-275.2631578947367,523.0
576,576.0,523.0,-275.2631578947367,523.0
577,577.0,541.0,-284.73684210526307,523.0
578,578.0,523.0,-275.2631578947367,523.0
579,579.0,523.0,-275.2631578947369,523.0
580,580.0,523.0,-275.26315789473676,523.0
581,581.0,538.0,-283.157894736842,523.0
582,582.0,525.0,-276.31578947368405,523.0
583,583.0,538.0,-283.1578947368421,523.0
584,584.0,541.0,-284.736842105263,523.0
585,585.0,525.0,-276.31578947368405,523.0
586,586.0,523.0,-275.2631578947368,523.0
587,587.0,523.0,-275.2631578947367,523.0
588,588.0,538.0,-283.157894736842,523.0
589,589.0,529.0,-278.4210526315788,523.0
590,590.0,523.0,-275.2631578947368,523.0
591,591.0,529.0,-278.42105263157885,523.0
592,592.0,529.0,-278.42105263157885,523.0
593,593.0,538.0,-283.1578947368421,523.0
594,594.0,541.0,-284.736842105263,523.0
595,595.0,523.0,-275.26315789473676,523.0
596,596.0,523.0,-275.26315789473676,523.0
597,597.0,538.0,-283.157894736842,523.0
598,598.0,538.0,-283.157894736842,523.0
599,599.0,523.0,-275.2631578947369,523.0
600,600.0,523.0,-275.26315789473676,523.0
601,601.0,523.0,-275.2631578947369,523.0
602,602.0,529.0,-278.42105263157885,523.0
603,603.0,529.0,-278.42105263157885,523.0
604,604.0,538.0,-283.1578947368421,523.0
605,605.0,523.0,-275.2631578947369,523.0
606,606.0,538.0,-283.1578947368421,523.0
607,607.0,525.0,-276.31578947368416,523.0
608,608.0,541.0,-284.736842105263,523.0
609,609.0,550.0,-289.47368421052624,523.0
610,610.0,523.0,-275.2631578947367,523.0
611,611.0,538.0,-283.1578947368421,523.0
612,612.0,538.0,-283.15789473684214,523.0
613,613.0,538.0,-283.15789473684214,523.0
614,614.0,538.0,-283.1578947368421,523.0
615,615.0,529.0,-278.4210526315789,523.0
616,616.0,538.0,-283.1578947368421,523.0
617,617.0,550.0,-289.47368421052624,523.0
618,618.0,538.0,-283.1578947368421,523.0
619,619.0,550.0,-289.47368421052624,523.0
620,620.0,550.0,-289.47368421052624,523.0
621,621.0,538.0,-283.1578947368421,523.0
622,622.0,529.0,-278.4210526315789,523.0
623,623.0,538.0,-283.1578947368422,523.0
624,624.0,538.0,-283.1578947368422,523.0
625,625.0,538.0,-283.15789473684214,523.0
626,626.0,538.0,-283.1578947368421,523.0
627,627.0,538.0,-283.1578947368422,523.0
628,628.0,550.0,-289.47368421052624,523.0
629,629.0,538.0,-283.157894736842,523.0
630,630.0,538.0,-283.157894736842,523.0
631,631.0,523.0,-275.2631578947369,523.0
632,632.0,523.0,-275.2631578947369,523.0
633,633.0,550.0,-289.47368421052624,523.0
634,634.0,523.0,-275.2631578947369,523.0
635,635.0,531.0,-279.4736842105263,523.0
636,636.0,523.0,-275.2631578947369,523.0
637,637.0,523.0,-275.2631578947369,523.0
638,638.0,525.0,-276.3157894736844,523.0
639,639.0,525.0,-276.31578947368416,523.0
640,640.0,525.0,-276.31578947368416,523.0
641,641.0,525.0,-276.31578947368416,523.0
642,642.0,541.0,-284.7368421052632,523.0
643,643.0,525.0,-276.3157894736842,523.0
644,644.0,523.0,-275.26315789473693,523.0
645,645.0,525.0,-276.3157894736841,523.0
646,646.0,525.0,-276.31578947368416,523.0
647,647.0,541.0,-284.7368421052631,523.0
648,648.0,529.0,-278.42105263157896,523.0
649,649.0,541.0,-284.7368421052631,523.0
650,650.0,523.0,-275.26315789473693,523.0
651,651.0,523.0,-275.26315789473693,523.0
652,652.0,541.0,-284.73684210526307,523.0
653,653.0,523.0,-275.26315789473676,523.0
654,654.0,523.0,-275.2631578947367,523.0
655,655.0,541.0,-284.736842105263,523.0
656,656.0,523.0,-275.26315789473676,523.0
657,657.0,523.0,-275.26315789473665,523.0
658,658.0,541.0,-284.736842105263,523.0
659,659.0,541.0,-284.73684210526307,523.0
660,660.0,523.0,-275.2631578947367,523.0
661,661.0,523.0,-275.2631578947369,523.0
662,662.0,529.0,-278.4210526315789,523.0
663,663.0,523.0,-275.2631578947367,523.0
664,664.0,525.0,-276.31578947368416,523.0
665,665.0,541.0,-284.7368421052631,523.0
666,666.0,541.0,-284.7368421052631,523.0
667,667.0,523.0,-275.26315789473693,523.0
668,668.0,523.0,-275.26315789473693,523.0
669,669.0,541.0,-284.73684210526307,523.0
670,670.0,523.0,-275.2631578947368,523.0
671,671.0,523.0,-275.26315789473676,523.0
672,672.0,523.0,-275.26315789473693,523.0
673,673.0,523.0,-275.26315789473693,523.0
674,674.0,523.0,-275.2631578947369,523.0
675,675.0,523.0,-275.26315789473693,523.0
676,676.0,523.0,-275.26315789473693,523.0
677,677.0,523.0,-275.2631578947368,523.0
678,678.0,523.0,-275.2631578947369,523.0
679,679.0,523.0,-275.2631578947369,523.0
680,680.0,530.0,-278.9473684210527,523.0
681,681.0,523.0,-275.2631578947369,523.0
682,682.0,523.0,-275.2631578947367,523.0
683,683.0,523.0,-275.26315789473676,523.0
684,684.0,523.0,-275.26315789473676,523.0
685,685.0,523.0,-275.26315789473676,523.0
686,686.0,523.0,-275.2631578947369,523.0
687,687.0,523.0,-275.26315789473676,523.0
688,688.0,523.0,-275.26315789473676,523.0
689,689.0,523.0,-275.2631578947368,523.0
690,690.0,523.0,-275.2631578947369,523.0
691,691.0,523.0,-275.2631578947369,523.0
692,692.0,523.0,-275.2631578947369,523.0
693,693.0,523.0,-275.26315789473676,523.0
694,694.0,523.0,-275.2631578947368,523.0
695,695.0,523.0,-275.2631578947368,523.0
696,696.0,532.0,-279.99999999999994,523.0
697,697.0,523.0,-275.26315789473693,523.0
698,698.0,525.0,-276.3157894736841,523.0
699,699.0,523.0,-275.2631578947369,523.0
700,700.0,523.0,-275.26315789473693,523.0
701,701.0,525.0,-276.3157894736841,523.0
702,702.0,525.0,-276.3157894736841,523.0
703,703.0,523.0,-275.2631578947369,523.0
704,704.0,523.0,-275.26315789473676,523.0
705,705.0,523.0,-275.26315789473676,523.0
706,706.0,523.0,-275.2631578947369,523.0
707,707.0,523.0,-275.2631578947368,523.0
708,708.0,523.0,-275.2631578947368,523.0
709,709.0,525.0,-276.3157894736842,523.0
710,710.0,525.0,-276.315789473684,523.0
711,711.0,523.0,-275.26315789473693,523.0
712,712.0,523.0,-275.2631578947369,523.0
713,713.0,523.0,-275.2631578947369,523.0
714,714.0,525.0,-276.3157894736841,523.0
715,715.0,531.0,-279.47368421052624,523.0
716,716.0,523.0,-275.2631578947369,523.0
717,717.0,523.0,-275.2631578947368,523.0
718,718.0,523.0,-275.2631578947369,523.0
719,719.0,525.0,-276.3157894736841,523.0
720,720.0,525.0,-276.3157894736842,523.0
721,721.0,523.0,-275.26315789473665,523.0
722,722.0,525.0,-276.31578947368416,523.0
723,723.0,523.0,-275.2631578947369,523.0
724,724.0,523.0,-275.2631578947369,523.0
725,725.0,523.0,-275.26315789473676,523.0
726,726.0,523.0,-275.2631578947368,523.0
727,727.0,523.0,-275.2631578947369,523.0
728,728.0,523.0,-275.26315789473693,523.0
729,729.0,523.0,-275.2631578947369,523.0
730,730.0,523.0,-275.2631578947369,523.0
731,731.0,523.0,-275.2631578947369,523.0
732,732.0,523.0,-275.2631578947369,523.0
733,733.0,523.0,-275.26315789473693,523.0
734,734.0,523.0,-275.26315789473693,523.0
735,735.0,523.0,-275.26315789473693,523.0
736,736.0,523.0,-275.26315789473693,523.0
737,737.0,523.0,-275.26315789473693,523.0
738,738.0,523.0,-275.2631578947369,523.0
739,739.0,523.0,-275.26315789473693,523.0
740,740.0,523.0,-275.26315789473693,523.0
741,741.0,523.0,-275.2631578947369,523.0
742,742.0,523.0,-275.2631578947369,523.0
743,743.0,523.0,-275.26315789473693,523.0
744,744.0,523.0,-275.2631578947368,523.0
745,745.0,523.0,-275.2631578947368,523.0
746,746.0,523.0,-275.2631578947369,523.0
747,747.0,523.0,-275.263157894737,523.0
748,748.0,523.0,-275.2631578947369,523.0
749,749.0,528.0,-277.89473684210526,523.0
750,750.0,523.0,-275.2631578947369,523.0
751,751.0,523.0,-275.26315789473693,523.0
752,752.0,523.0,-275.2631578947369,523.0
753,753.0,523.0,-275.2631578947369,523.0
754,754.0,528.0,-277.89473684210526,523.0
755,755.0,523.0,-275.2631578947368,523.0
756,756.0,523.0,-275.26315789473693,523.0
757,757.0,523.0,-275.26315789473693,523.0
758,758.0,523.0,-275.26315789473693,523.0
759,759.0,523.0,-275.26315789473693,523.0
760,760.0,528.0,-277.8947368421052,523.0
761,761.0,528.0,-277.89473684210526,523.0
762,762.0,523.0,-275.26315789473693,523.0
763,763.0,523.0,-275.26315789473693,523.0
764,764.0,523.0,-275.26315789473693,523.0
765,765.0,523.0,-275.26315789473693,523.0
766,766.0,523.0,-275.26315789473693,523.0
767,767.0,528.0,-277.89473684210526,523.0
768,768.0,528.0,-277.89473684210526,523.0
769,769.0,528.0,-277.89473684210526,523.0
770,770.0,528.0,-277.8947368421052,523.0
771,771.0,528.0,-277.89473684210526,523.0
772,772.0,528.0,-277.8947368421052,523.0
773,773.0,528.0,-277.8947368421052,523.0
774,774.0,523.0,-275.26315789473693,523.0
775,775.0,523.0,-275.2631578947369,523.0
776,776.0,523.0,-275.2631578947369,523.0
777,777.0,523.0,-275.2631578947369,523.0
778,778.0,523.0,-275.26315789473693,523.0
779,779.0,523.0,-275.263157894737,523.0
780,780.0,523.0,-275.2631578947368,523.0
781,781.0,523.0,-275.2631578947369,523.0
782,782.0,523.0,-275.263157894737,523.0
783,783.0,523.0,-275.2631578947369,523.0
784,784.0,523.0,-275.2631578947369,523.0
785,785.0,523.0,-275.2631578947369,523.0
786,786.0,523.0,-275.26315789473676,523.0
787,787.0,523.0,-275.2631578947369,523.0
788,788.0,523.0,-275.26315789473693,523.0
789,789.0,523.0,-275.2631578947369,523.0
790,790.0,530.0,-278.94736842105254,523.0
791,791.0,523.0,-275.26315789473693,523.0
792,792.0,530.0,-278.9473684210525,523.0
793,793.0,523.0,-275.2631578947368,523.0
794,794.0,523.0,-275.26315789473693,523.0
795,795.0,523.0,-275.2631578947368,523.0
796,796.0,523.0,-275.2631578947368,523.0
797,797.0,523.0,-275.2631578947368,523.0
798,798.0,523.0,-275.2631578947369,523.0
799,799.0,523.0,-275.2631578947368,523.0
800,800.0,523.0,-275.2631578947369,523.0
801,801.0,523.0,-275.2631578947369,523.0
802,802.0,523.0,-275.26315789473693,523.0
803,803.0,523.0,-275.2631578947369,523.0
804,804.0,523.0,-275.26315789473693,523.0
805,805.0,523.0,-275.2631578947369,523.0
806,806.0,523.0,-275.2631578947368,523.0
807,807.0,523.0,-275.2631578947368,523.0
808,808.0,523.0,-275.2631578947369,523.0
809,809.0,523.0,-275.2631578947369,523.0
810,810.0,523.0,-275.2631578947368,523.0
811,811.0,523.0,-275.2631578947368,523.0
812,812.0,523.0,-275.2631578947369,523.0
813,813.0,523.0,-275.2631578947368,523.0
814,814.0,523.0,-275.2631578947368,523.0
815,815.0,523.0,-275.2631578947368,523.0
816,816.0,523.0,-275.2631578947368,523.0
817,817.0,523.0,-275.2631578947368,523.0
818,818.0,523.0,-275.2631578947369,523.0
819,819.0,523.0,-275.2631578947369,523.0
820,820.0,523.0,-275.26315789473665,523.0
821,821.0,523.0,-275.2631578947369,523.0
822,822.0,523.0,-275.2631578947368,523.0
